crop_path,rider_score,non_rider_score,pred_label
crops\crop_000000001053_pair0_p0.77_b0.83.jpg,0.4371,0.5629,non_rider
crops\crop_000000001053_pair1_p0.74_b0.82.jpg,0.4367,0.5633,non_rider
crops\crop_000000001053_pair2_p0.71_b0.84.jpg,0.4397,0.5603,non_rider
crops\crop_000000001053_pair3_p0.30_b0.25.jpg,0.4377,0.5623,non_rider
crops\crop_000000004069_pair0_p0.82_b0.74.jpg,0.4362,0.5638,non_rider
crops\crop_000000004069_pair1_p0.61_b0.50.jpg,0.4331,0.5669,non_rider
crops\crop_000000004739_pair0_p0.92_b0.67.jpg,0.4308,0.5692,non_rider
crops\crop_000000007104_pair0_p0.62_b0.48.jpg,0.4303,0.5697,non_rider
crops\crop_000000008025_pair0_p0.74_b0.59.jpg,0.4356,0.5644,non_rider
crops\crop_000000008025_pair1_p0.59_b0.41.jpg,0.4300,0.5700,non_rider
crops\crop_000000008025_pair2_p0.51_b0.38.jpg,0.4339,0.5661,non_rider
crops\crop_000000008025_pair3_p0.35_b0.27.jpg,0.4315,0.5685,non_rider
crops\crop_000000008187_pair0_p0.27_b0.59.jpg,0.4372,0.5628,non_rider
crops\crop_000000008794_pair0_p0.84_b0.91.jpg,0.4260,0.5740,non_rider
crops\crop_000000009446_pair0_p0.83_b0.43.jpg,0.4386,0.5614,non_rider
crops\crop_000000009990_pair0_p0.34_b0.40.jpg,0.4301,0.5699,non_rider
crops\crop_000000011197_pair0_p0.55_b0.65.jpg,0.4326,0.5674,non_rider
crops\crop_000000013177_pair0_p0.82_b0.36.jpg,0.4332,0.5668,non_rider
crops\crop_000000015851_pair0_p0.71_b0.91.jpg,0.4294,0.5706,non_rider
crops\crop_000000016616_pair0_p0.74_b0.88.jpg,0.4321,0.5679,non_rider
crops\crop_000000018783_pair0_p0.84_b0.85.jpg,0.4332,0.5668,non_rider
crops\crop_000000019499_pair0_p0.82_b0.84.jpg,0.4394,0.5606,non_rider
crops\crop_000000021528_pair0_p0.91_b0.60.jpg,0.4342,0.5658,non_rider
crops\crop_000000022741_pair0_p0.78_b0.56.jpg,0.4316,0.5684,non_rider
crops\crop_000000022741_pair1_p0.31_b0.28.jpg,0.4312,0.5688,non_rider
crops\crop_000000030395_pair0_p0.86_b0.47.jpg,0.4328,0.5672,non_rider
crops\crop_000000031092_pair0_p0.35_b0.83.jpg,0.4321,0.5679,non_rider
crops\crop_000000031765_pair0_p0.77_b0.79.jpg,0.4401,0.5599,non_rider
crops\crop_000000033572_pair0_p0.89_b0.67.jpg,0.4370,0.5630,non_rider
crops\crop_000000034551_pair0_p0.85_b0.79.jpg,0.4381,0.5619,non_rider
crops\crop_000000034815_pair0_p0.87_b0.89.jpg,0.4326,0.5674,non_rider
crops\crop_000000034815_pair1_p0.81_b0.90.jpg,0.4340,0.5660,non_rider
crops\crop_000000044312_pair0_p0.86_b0.57.jpg,0.4380,0.5620,non_rider
crops\crop_000000044347_pair0_p0.84_b0.56.jpg,0.4356,0.5644,non_rider
crops\crop_000000045059_pair0_p0.62_b0.65.jpg,0.4348,0.5652,non_rider
crops\crop_000000045552_pair0_p0.81_b0.50.jpg,0.4338,0.5662,non_rider
crops\crop_000000050389_pair0_p0.84_b0.94.jpg,0.4323,0.5677,non_rider
crops\crop_000000051643_pair0_p0.89_b0.53.jpg,0.4338,0.5662,non_rider
crops\crop_000000051643_pair1_p0.89_b0.27.jpg,0.4358,0.5642,non_rider
crops\crop_000000052308_pair0_p0.87_b0.30.jpg,0.4354,0.5646,non_rider
crops\crop_000000055818_pair0_p0.90_b0.45.jpg,0.4328,0.5672,non_rider
crops\crop_000000065604_pair0_p0.87_b0.41.jpg,0.4398,0.5602,non_rider
crops\crop_000000068176_pair0_p0.88_b0.53.jpg,0.4347,0.5653,non_rider
crops\crop_000000069366_pair0_p0.70_b0.55.jpg,0.4316,0.5684,non_rider
crops\crop_000000070321_pair0_p0.64_b0.37.jpg,0.4275,0.5725,non_rider
crops\crop_000000070321_pair1_p0.55_b0.26.jpg,0.4331,0.5669,non_rider
crops\crop_000000071608_pair0_p0.86_b0.88.jpg,0.4391,0.5609,non_rider
crops\crop_000000071608_pair1_p0.58_b0.46.jpg,0.4348,0.5652,non_rider
crops\crop_000000072987_pair0_p0.82_b0.65.jpg,0.4279,0.5721,non_rider
crops\crop_000000073437_pair0_p0.50_b0.65.jpg,0.4351,0.5649,non_rider
crops\crop_000000074099_pair0_p0.70_b0.65.jpg,0.4392,0.5608,non_rider
crops\crop_000000075516_pair0_p0.62_b0.58.jpg,0.4278,0.5722,non_rider
crops\crop_000000082548_pair0_p0.67_b0.81.jpg,0.4348,0.5652,non_rider
crops\crop_000000083079_pair0_p0.75_b0.70.jpg,0.4328,0.5672,non_rider
crops\crop_000000085326_pair0_p0.64_b0.74.jpg,0.4330,0.5670,non_rider
crops\crop_000000087588_pair0_p0.26_b0.29.jpg,0.4322,0.5678,non_rider
crops\crop_000000095832_pair0_p0.90_b0.86.jpg,0.4412,0.5588,non_rider
crops\crop_000000095832_pair1_p0.80_b0.89.jpg,0.4412,0.5588,non_rider
crops\crop_000000096457_pair0_p0.86_b0.44.jpg,0.4315,0.5685,non_rider
crops\crop_000000098596_pair0_p0.88_b0.84.jpg,0.4354,0.5646,non_rider
crops\crop_000000099046_pair0_p0.80_b0.60.jpg,0.4348,0.5652,non_rider
crops\crop_000000099046_pair1_p0.64_b0.39.jpg,0.4358,0.5642,non_rider
crops\crop_000000101752_pair0_p0.86_b0.52.jpg,0.4312,0.5688,non_rider
crops\crop_000000103817_pair0_p0.88_b0.90.jpg,0.4418,0.5582,non_rider
crops\crop_000000104365_pair0_p0.86_b0.34.jpg,0.4408,0.5592,non_rider
crops\crop_000000108501_pair0_p0.84_b0.39.jpg,0.4324,0.5676,non_rider
crops\crop_000000113212_pair0_p0.84_b0.79.jpg,0.4334,0.5666,non_rider
crops\crop_000000113521_pair0_p0.93_b0.32.jpg,0.4381,0.5619,non_rider
crops\crop_000000115117_pair0_p0.81_b0.36.jpg,0.4319,0.5681,non_rider
crops\crop_000000116512_pair0_p0.83_b0.29.jpg,0.4311,0.5689,non_rider
crops\crop_000000116725_pair0_p0.84_b0.89.jpg,0.4364,0.5636,non_rider
crops\crop_000000117178_pair0_p0.68_b0.33.jpg,0.4315,0.5685,non_rider
crops\crop_000000117371_pair0_p0.89_b0.85.jpg,0.4376,0.5624,non_rider
crops\crop_000000120541_pair0_p0.47_b0.32.jpg,0.4329,0.5671,non_rider
crops\crop_000000122551_pair0_p0.92_b0.83.jpg,0.4328,0.5672,non_rider
crops\crop_000000123555_pair0_p0.86_b0.65.jpg,0.4339,0.5661,non_rider
crops\crop_000000123555_pair1_p0.83_b0.44.jpg,0.4279,0.5721,non_rider
crops\crop_000000123647_pair0_p0.81_b0.70.jpg,0.4337,0.5663,non_rider
crops\crop_000000127296_pair0_p0.80_b0.86.jpg,0.4351,0.5649,non_rider
crops\crop_000000129100_pair0_p0.89_b0.87.jpg,0.4368,0.5632,non_rider
crops\crop_000000129100_pair1_p0.84_b0.82.jpg,0.4346,0.5654,non_rider
crops\crop_000000129918_pair0_p0.82_b0.84.jpg,0.4379,0.5621,non_rider
crops\crop_000000130366_pair0_p0.93_b0.68.jpg,0.4339,0.5661,non_rider
crops\crop_000000130581_pair0_p0.77_b0.71.jpg,0.4292,0.5708,non_rider
crops\crop_000000134309_pair0_p0.33_b0.38.jpg,0.4322,0.5678,non_rider
crops\crop_000000135626_pair0_p0.88_b0.56.jpg,0.4337,0.5663,non_rider
crops\crop_000000136043_pair0_p0.68_b0.38.jpg,0.4303,0.5697,non_rider
crops\crop_000000136979_pair0_p0.87_b0.44.jpg,0.4380,0.5620,non_rider
crops\crop_000000137407_pair0_p0.71_b0.42.jpg,0.4326,0.5674,non_rider
crops\crop_000000137778_pair0_p0.41_b0.66.jpg,0.4366,0.5634,non_rider
crops\crop_000000138639_pair0_p0.72_b0.79.jpg,0.4341,0.5659,non_rider
crops\crop_000000139637_pair0_p0.89_b0.93.jpg,0.4397,0.5603,non_rider
crops\crop_000000139780_pair0_p0.77_b0.73.jpg,0.4338,0.5662,non_rider
crops\crop_000000141654_pair0_p0.77_b0.83.jpg,0.4364,0.5636,non_rider
crops\crop_000000142324_pair0_p0.84_b0.67.jpg,0.4313,0.5687,non_rider
crops\crop_000000142510_pair0_p0.35_b0.61.jpg,0.4307,0.5693,non_rider
crops\crop_000000143151_pair0_p0.76_b0.81.jpg,0.4351,0.5649,non_rider
crops\crop_000000146112_pair0_p0.89_b0.51.jpg,0.4309,0.5691,non_rider
crops\crop_000000152328_pair0_p0.88_b0.86.jpg,0.4329,0.5671,non_rider
crops\crop_000000153692_pair0_p0.68_b0.77.jpg,0.4343,0.5657,non_rider
crops\crop_000000154830_pair0_p0.79_b0.71.jpg,0.4370,0.5630,non_rider
crops\crop_000000155912_pair0_p0.87_b0.83.jpg,0.4369,0.5631,non_rider
crops\crop_000000157519_pair0_p0.39_b0.50.jpg,0.4339,0.5661,non_rider
crops\crop_000000162355_pair0_p0.89_b0.87.jpg,0.4360,0.5640,non_rider
crops\crop_000000162547_pair0_p0.91_b0.93.jpg,0.4368,0.5632,non_rider
crops\crop_000000163068_pair0_p0.64_b0.37.jpg,0.4351,0.5649,non_rider
crops\crop_000000165334_pair0_p0.60_b0.46.jpg,0.4318,0.5682,non_rider
crops\crop_000000165707_pair0_p0.28_b0.37.jpg,0.4333,0.5667,non_rider
crops\crop_000000166621_pair0_p0.54_b0.40.jpg,0.4324,0.5676,non_rider
crops\crop_000000167486_pair0_p0.81_b0.80.jpg,0.4336,0.5664,non_rider
crops\crop_000000168900_pair0_p0.65_b0.28.jpg,0.4300,0.5700,non_rider
crops\crop_000000169066_pair0_p0.79_b0.54.jpg,0.4410,0.5590,non_rider
crops\crop_000000169066_pair1_p0.30_b0.77.jpg,0.4311,0.5689,non_rider
crops\crop_000000169996_pair0_p0.85_b0.77.jpg,0.4401,0.5599,non_rider
crops\crop_000000174009_pair0_p0.88_b0.88.jpg,0.4405,0.5595,non_rider
crops\crop_000000176324_pair0_p0.29_b0.34.jpg,0.4271,0.5729,non_rider
crops\crop_000000176536_pair0_p0.85_b0.88.jpg,0.4374,0.5626,non_rider
crops\crop_000000178635_pair0_p0.76_b0.62.jpg,0.4373,0.5627,non_rider
crops\crop_000000182801_pair0_p0.58_b0.45.jpg,0.4316,0.5684,non_rider
crops\crop_000000182820_pair0_p0.85_b0.88.jpg,0.4351,0.5649,non_rider
crops\crop_000000184324_pair0_p0.64_b0.27.jpg,0.4301,0.5699,non_rider
crops\crop_000000186205_pair0_p0.89_b0.30.jpg,0.4382,0.5618,non_rider
crops\crop_000000189794_pair0_p0.83_b0.58.jpg,0.4414,0.5586,non_rider
crops\crop_000000193025_pair0_p0.79_b0.87.jpg,0.4396,0.5604,non_rider
crops\crop_000000195463_pair0_p0.88_b0.74.jpg,0.4347,0.5653,non_rider
crops\crop_000000197886_pair0_p0.71_b0.89.jpg,0.4307,0.5693,non_rider
crops\crop_000000199594_pair0_p0.57_b0.41.jpg,0.4316,0.5684,non_rider
crops\crop_000000203458_pair0_p0.85_b0.71.jpg,0.4339,0.5661,non_rider
crops\crop_000000207074_pair0_p0.64_b0.44.jpg,0.4375,0.5625,non_rider
crops\crop_000000207236_pair0_p0.60_b0.77.jpg,0.4381,0.5619,non_rider
crops\crop_000000210060_pair0_p0.87_b0.51.jpg,0.4304,0.5696,non_rider
crops\crop_000000213215_pair0_p0.77_b0.71.jpg,0.4346,0.5654,non_rider
crops\crop_000000216861_pair0_p0.67_b0.69.jpg,0.4372,0.5628,non_rider
crops\crop_000000217636_pair0_p0.77_b0.70.jpg,0.4330,0.5670,non_rider
crops\crop_000000219580_pair0_p0.29_b0.68.jpg,0.4382,0.5618,non_rider
crops\crop_000000219859_pair0_p0.90_b0.89.jpg,0.4308,0.5692,non_rider
crops\crop_000000219859_pair1_p0.83_b0.93.jpg,0.4341,0.5659,non_rider
crops\crop_000000223874_pair0_p0.67_b0.46.jpg,0.4327,0.5673,non_rider
crops\crop_000000223905_pair0_p0.66_b0.36.jpg,0.4349,0.5651,non_rider
crops\crop_000000225919_pair0_p0.82_b0.87.jpg,0.4360,0.5640,non_rider
crops\crop_000000226417_pair0_p0.80_b0.49.jpg,0.4330,0.5670,non_rider
crops\crop_000000226417_pair1_p0.52_b0.47.jpg,0.4326,0.5674,non_rider
crops\crop_000000227399_pair0_p0.78_b0.65.jpg,0.4403,0.5597,non_rider
crops\crop_000000227460_pair0_p0.56_b0.54.jpg,0.4374,0.5626,non_rider
crops\crop_000000230756_pair0_p0.85_b0.31.jpg,0.4345,0.5655,non_rider
crops\crop_000000230893_pair0_p0.62_b0.33.jpg,0.4308,0.5692,non_rider
crops\crop_000000231035_pair0_p0.86_b0.86.jpg,0.4352,0.5648,non_rider
crops\crop_000000231524_pair0_p0.84_b0.63.jpg,0.4313,0.5687,non_rider
crops\crop_000000232329_pair0_p0.87_b0.65.jpg,0.4345,0.5655,non_rider
crops\crop_000000234352_pair0_p0.59_b0.47.jpg,0.4375,0.5625,non_rider
crops\crop_000000242457_pair0_p0.83_b0.57.jpg,0.4339,0.5661,non_rider
crops\crop_000000242592_pair0_p0.82_b0.50.jpg,0.4349,0.5651,non_rider
crops\crop_000000244293_pair0_p0.82_b0.89.jpg,0.4365,0.5635,non_rider
crops\crop_000000250991_pair0_p0.86_b0.72.jpg,0.4342,0.5658,non_rider
crops\crop_000000251140_pair0_p0.78_b0.89.jpg,0.4313,0.5687,non_rider
crops\crop_000000253975_pair0_p0.89_b0.92.jpg,0.4332,0.5668,non_rider
crops\crop_000000255495_pair0_p0.86_b0.38.jpg,0.4378,0.5622,non_rider
crops\crop_000000255604_pair0_p0.58_b0.89.jpg,0.4376,0.5624,non_rider
crops\crop_000000257815_pair0_p0.81_b0.38.jpg,0.4395,0.5605,non_rider
crops\crop_000000258078_pair0_p0.85_b0.60.jpg,0.4301,0.5699,non_rider
crops\crop_000000259640_pair0_p0.56_b0.75.jpg,0.4349,0.5651,non_rider
crops\crop_000000262136_pair0_p0.70_b0.73.jpg,0.4333,0.5667,non_rider
crops\crop_000000262967_pair0_p0.89_b0.89.jpg,0.4332,0.5668,non_rider
crops\crop_000000266153_pair0_p0.49_b0.59.jpg,0.4404,0.5596,non_rider
crops\crop_000000266244_pair0_p0.89_b0.66.jpg,0.4366,0.5634,non_rider
crops\crop_000000267205_pair0_p0.69_b0.50.jpg,0.4244,0.5756,non_rider
crops\crop_000000267205_pair1_p0.60_b0.29.jpg,0.4310,0.5690,non_rider
crops\crop_000000273898_pair0_p0.43_b0.62.jpg,0.4335,0.5665,non_rider
crops\crop_000000275206_pair0_p0.62_b0.56.jpg,0.4417,0.5583,non_rider
crops\crop_000000281160_pair0_p0.64_b0.36.jpg,0.4313,0.5687,non_rider
crops\crop_000000281227_pair0_p0.94_b0.82.jpg,0.4371,0.5629,non_rider
crops\crop_000000288336_pair0_p0.26_b0.64.jpg,0.4374,0.5626,non_rider
crops\crop_000000291873_pair0_p0.45_b0.34.jpg,0.4341,0.5659,non_rider
crops\crop_000000292226_pair0_p0.76_b0.85.jpg,0.4415,0.5585,non_rider
crops\crop_000000292226_pair1_p0.76_b0.86.jpg,0.4423,0.5577,non_rider
crops\crop_000000293658_pair0_p0.88_b0.90.jpg,0.4346,0.5654,non_rider
crops\crop_000000294379_pair0_p0.89_b0.92.jpg,0.4351,0.5649,non_rider
crops\crop_000000295403_pair0_p0.88_b0.42.jpg,0.4327,0.5673,non_rider
crops\crop_000000296901_pair0_p0.70_b0.91.jpg,0.4363,0.5637,non_rider
crops\crop_000000297227_pair0_p0.88_b0.79.jpg,0.4350,0.5650,non_rider
crops\crop_000000297980_pair0_p0.76_b0.81.jpg,0.4379,0.5621,non_rider
crops\crop_000000298784_pair0_p0.81_b0.83.jpg,0.4365,0.5635,non_rider
crops\crop_000000298784_pair1_p0.66_b0.54.jpg,0.4384,0.5616,non_rider
crops\crop_000000299794_pair0_p0.92_b0.28.jpg,0.4328,0.5672,non_rider
crops\crop_000000299794_pair1_p0.88_b0.46.jpg,0.4311,0.5689,non_rider
crops\crop_000000300374_pair0_p0.68_b0.67.jpg,0.4325,0.5675,non_rider
crops\crop_000000301746_pair0_p0.82_b0.88.jpg,0.4339,0.5661,non_rider
crops\crop_000000303538_pair0_p0.87_b0.51.jpg,0.4284,0.5716,non_rider
crops\crop_000000304134_pair0_p0.61_b0.86.jpg,0.4338,0.5662,non_rider
crops\crop_000000304445_pair0_p0.77_b0.81.jpg,0.4353,0.5647,non_rider
crops\crop_000000304445_pair1_p0.72_b0.81.jpg,0.4352,0.5648,non_rider
crops\crop_000000305573_pair0_p0.54_b0.27.jpg,0.4342,0.5658,non_rider
crops\crop_000000308433_pair0_p0.43_b0.31.jpg,0.4325,0.5675,non_rider
crops\crop_000000308433_pair1_p0.35_b0.58.jpg,0.4392,0.5608,non_rider
crops\crop_000000310278_pair0_p0.88_b0.91.jpg,0.4372,0.5628,non_rider
crops\crop_000000311501_pair0_p0.74_b0.26.jpg,0.4329,0.5671,non_rider
crops\crop_000000311982_pair0_p0.72_b0.68.jpg,0.4307,0.5693,non_rider
crops\crop_000000313164_pair0_p0.86_b0.36.jpg,0.4300,0.5700,non_rider
crops\crop_000000313385_pair0_p0.85_b0.49.jpg,0.4298,0.5702,non_rider
crops\crop_000000313419_pair0_p0.69_b0.52.jpg,0.4310,0.5690,non_rider
crops\crop_000000313419_pair1_p0.33_b0.37.jpg,0.4316,0.5684,non_rider
crops\crop_000000314907_pair0_p0.84_b0.51.jpg,0.4349,0.5651,non_rider
crops\crop_000000318807_pair0_p0.76_b0.47.jpg,0.4325,0.5675,non_rider
crops\crop_000000319139_pair0_p0.29_b0.30.jpg,0.4332,0.5668,non_rider
crops\crop_000000320641_pair0_p0.81_b0.87.jpg,0.4373,0.5627,non_rider
crops\crop_000000321107_pair0_p0.76_b0.83.jpg,0.4421,0.5579,non_rider
crops\crop_000000321886_pair0_p0.76_b0.49.jpg,0.4330,0.5670,non_rider
crops\crop_000000322922_pair0_p0.77_b0.88.jpg,0.4401,0.5599,non_rider
crops\crop_000000325042_pair0_p0.92_b0.80.jpg,0.4364,0.5636,non_rider
crops\crop_000000327663_pair0_p0.84_b0.45.jpg,0.4328,0.5672,non_rider
crops\crop_000000329752_pair0_p0.91_b0.94.jpg,0.4377,0.5623,non_rider
crops\crop_000000329755_pair0_p0.90_b0.88.jpg,0.4336,0.5664,non_rider
crops\crop_000000330726_pair0_p0.84_b0.56.jpg,0.4334,0.5666,non_rider
crops\crop_000000330726_pair1_p0.77_b0.35.jpg,0.4333,0.5667,non_rider
crops\crop_000000330726_pair2_p0.75_b0.54.jpg,0.4323,0.5677,non_rider
crops\crop_000000330726_pair3_p0.72_b0.36.jpg,0.4293,0.5707,non_rider
crops\crop_000000330726_pair4_p0.60_b0.36.jpg,0.4333,0.5667,non_rider
crops\crop_000000330726_pair5_p0.41_b0.30.jpg,0.4312,0.5688,non_rider
crops\crop_000000340406_pair0_p0.79_b0.40.jpg,0.4336,0.5664,non_rider
crops\crop_000000344271_pair0_p0.69_b0.88.jpg,0.4347,0.5653,non_rider
crops\crop_000000348331_pair0_p0.44_b0.79.jpg,0.4375,0.5625,non_rider
crops\crop_000000348954_pair0_p0.86_b0.86.jpg,0.4387,0.5613,non_rider
crops\crop_000000350553_pair0_p0.82_b0.88.jpg,0.4377,0.5623,non_rider
crops\crop_000000352125_pair0_p0.77_b0.60.jpg,0.4355,0.5645,non_rider
crops\crop_000000352185_pair0_p0.93_b0.59.jpg,0.4342,0.5658,non_rider
crops\crop_000000353288_pair0_p0.72_b0.52.jpg,0.4382,0.5618,non_rider
crops\crop_000000353577_pair0_p0.87_b0.39.jpg,0.4296,0.5704,non_rider
crops\crop_000000354480_pair0_p0.76_b0.40.jpg,0.4370,0.5630,non_rider
crops\crop_000000355231_pair0_p0.87_b0.66.jpg,0.4354,0.5646,non_rider
crops\crop_000000357549_pair0_p0.88_b0.48.jpg,0.4389,0.5611,non_rider
crops\crop_000000358237_pair0_p0.78_b0.48.jpg,0.4308,0.5692,non_rider
crops\crop_000000359143_pair0_p0.90_b0.90.jpg,0.4432,0.5568,non_rider
crops\crop_000000360211_pair0_p0.92_b0.94.jpg,0.4365,0.5635,non_rider
crops\crop_000000362282_pair0_p0.49_b0.32.jpg,0.4346,0.5654,non_rider
crops\crop_000000362343_pair0_p0.78_b0.67.jpg,0.4339,0.5661,non_rider
crops\crop_000000362714_pair0_p0.38_b0.63.jpg,0.4306,0.5694,non_rider
crops\crop_000000362739_pair0_p0.75_b0.73.jpg,0.4397,0.5603,non_rider
crops\crop_000000366789_pair0_p0.86_b0.90.jpg,0.4344,0.5656,non_rider
crops\crop_000000372804_pair0_p0.59_b0.26.jpg,0.4382,0.5618,non_rider
crops\crop_000000376731_pair0_p0.92_b0.68.jpg,0.4361,0.5639,non_rider
crops\crop_000000377422_pair0_p0.73_b0.61.jpg,0.4346,0.5654,non_rider
crops\crop_000000377832_pair0_p0.55_b0.35.jpg,0.4297,0.5703,non_rider
crops\crop_000000380447_pair0_p0.84_b0.87.jpg,0.4345,0.5655,non_rider
crops\crop_000000380820_pair0_p0.84_b0.83.jpg,0.4357,0.5643,non_rider
crops\crop_000000380820_pair1_p0.71_b0.56.jpg,0.4362,0.5638,non_rider
crops\crop_000000382069_pair0_p0.49_b0.31.jpg,0.4301,0.5699,non_rider
crops\crop_000000387124_pair0_p0.89_b0.58.jpg,0.4336,0.5664,non_rider
crops\crop_000000390137_pair0_p0.84_b0.86.jpg,0.4305,0.5695,non_rider
crops\crop_000000390315_pair0_p0.88_b0.74.jpg,0.4434,0.5566,non_rider
crops\crop_000000392949_pair0_p0.52_b0.25.jpg,0.4332,0.5668,non_rider
crops\crop_000000393896_pair0_p0.92_b0.91.jpg,0.4390,0.5610,non_rider
crops\crop_000000395198_pair0_p0.32_b0.31.jpg,0.4341,0.5659,non_rider
crops\crop_000000396853_pair0_p0.87_b0.71.jpg,0.4346,0.5654,non_rider
crops\crop_000000398246_pair0_p0.90_b0.31.jpg,0.4269,0.5731,non_rider
crops\crop_000000399476_pair0_p0.28_b0.53.jpg,0.4394,0.5606,non_rider
crops\crop_000000399922_pair0_p0.90_b0.52.jpg,0.4343,0.5657,non_rider
crops\crop_000000400107_pair0_p0.83_b0.89.jpg,0.4257,0.5743,non_rider
crops\crop_000000401980_pair0_p0.92_b0.92.jpg,0.4276,0.5724,non_rider
crops\crop_000000402335_pair0_p0.86_b0.62.jpg,0.4382,0.5618,non_rider
crops\crop_000000402967_pair0_p0.84_b0.60.jpg,0.4373,0.5627,non_rider
crops\crop_000000403087_pair0_p0.73_b0.26.jpg,0.4345,0.5655,non_rider
crops\crop_000000403873_pair0_p0.87_b0.35.jpg,0.4408,0.5592,non_rider
crops\crop_000000403873_pair1_p0.71_b0.73.jpg,0.4309,0.5691,non_rider
crops\crop_000000405614_pair0_p0.79_b0.33.jpg,0.4279,0.5721,non_rider
crops\crop_000000409216_pair0_p0.33_b0.30.jpg,0.4378,0.5622,non_rider
crops\crop_000000410680_pair0_p0.81_b0.87.jpg,0.4355,0.5645,non_rider
crops\crop_000000411674_pair0_p0.84_b0.59.jpg,0.4342,0.5658,non_rider
crops\crop_000000411690_pair0_p0.89_b0.86.jpg,0.4310,0.5690,non_rider
crops\crop_000000411690_pair1_p0.41_b0.61.jpg,0.4371,0.5629,non_rider
crops\crop_000000418523_pair0_p0.70_b0.31.jpg,0.4319,0.5681,non_rider
crops\crop_000000418523_pair1_p0.59_b0.58.jpg,0.4337,0.5663,non_rider
crops\crop_000000418816_pair0_p0.84_b0.39.jpg,0.4322,0.5678,non_rider
crops\crop_000000419790_pair0_p0.77_b0.66.jpg,0.4348,0.5652,non_rider
crops\crop_000000424464_pair0_p0.82_b0.39.jpg,0.4339,0.5661,non_rider
crops\crop_000000424464_pair1_p0.71_b0.60.jpg,0.4363,0.5637,non_rider
crops\crop_000000424915_pair0_p0.48_b0.41.jpg,0.4323,0.5677,non_rider
crops\crop_000000426209_pair0_p0.78_b0.56.jpg,0.4376,0.5624,non_rider
crops\crop_000000426209_pair1_p0.65_b0.46.jpg,0.4257,0.5743,non_rider
crops\crop_000000426585_pair0_p0.75_b0.46.jpg,0.4338,0.5662,non_rider
crops\crop_000000427435_pair0_p0.91_b0.60.jpg,0.4336,0.5664,non_rider
crops\crop_000000429658_pair0_p0.75_b0.71.jpg,0.4334,0.5666,non_rider
crops\crop_000000430455_pair0_p0.94_b0.80.jpg,0.4325,0.5675,non_rider
crops\crop_000000430686_pair0_p0.47_b0.78.jpg,0.4353,0.5647,non_rider
crops\crop_000000431555_pair0_p0.53_b0.36.jpg,0.4313,0.5687,non_rider
crops\crop_000000432623_pair0_p0.88_b0.83.jpg,0.4334,0.5666,non_rider
crops\crop_000000437643_pair0_p0.75_b0.36.jpg,0.4409,0.5591,non_rider
crops\crop_000000438029_pair0_p0.90_b0.71.jpg,0.4339,0.5661,non_rider
crops\crop_000000439801_pair0_p0.94_b0.27.jpg,0.4298,0.5702,non_rider
crops\crop_000000440344_pair0_p0.82_b0.51.jpg,0.4295,0.5705,non_rider
crops\crop_000000442582_pair0_p0.39_b0.64.jpg,0.4342,0.5658,non_rider
crops\crop_000000442726_pair0_p0.86_b0.49.jpg,0.4445,0.5555,non_rider
crops\crop_000000442726_pair1_p0.81_b0.45.jpg,0.4407,0.5593,non_rider
crops\crop_000000442945_pair0_p0.34_b0.43.jpg,0.4317,0.5683,non_rider
crops\crop_000000444262_pair0_p0.37_b0.47.jpg,0.4341,0.5659,non_rider
crops\crop_000000446984_pair0_p0.74_b0.34.jpg,0.4351,0.5649,non_rider
crops\crop_000000447119_pair0_p0.84_b0.83.jpg,0.4327,0.5673,non_rider
crops\crop_000000447150_pair0_p0.80_b0.90.jpg,0.4341,0.5659,non_rider
crops\crop_000000449760_pair0_p0.81_b0.38.jpg,0.4321,0.5679,non_rider
crops\crop_000000450940_pair0_p0.83_b0.87.jpg,0.4412,0.5588,non_rider
crops\crop_000000451228_pair0_p0.77_b0.63.jpg,0.4309,0.5691,non_rider
crops\crop_000000452905_pair0_p0.84_b0.84.jpg,0.4356,0.5644,non_rider
crops\crop_000000455505_pair0_p0.35_b0.66.jpg,0.4347,0.5653,non_rider
crops\crop_000000456886_pair0_p0.67_b0.54.jpg,0.4368,0.5632,non_rider
crops\crop_000000459141_pair0_p0.79_b0.80.jpg,0.4371,0.5629,non_rider
crops\crop_000000461458_pair0_p0.90_b0.54.jpg,0.4365,0.5635,non_rider
crops\crop_000000463168_pair0_p0.84_b0.88.jpg,0.4329,0.5671,non_rider
crops\crop_000000465692_pair0_p0.84_b0.90.jpg,0.4316,0.5684,non_rider
crops\crop_000000474067_pair0_p0.88_b0.68.jpg,0.4370,0.5630,non_rider
crops\crop_000000479068_pair0_p0.83_b0.61.jpg,0.4291,0.5709,non_rider
crops\crop_000000479068_pair1_p0.47_b0.46.jpg,0.4349,0.5651,non_rider
crops\crop_000000483569_pair0_p0.62_b0.25.jpg,0.4320,0.5680,non_rider
crops\crop_000000487840_pair0_p0.88_b0.60.jpg,0.4353,0.5647,non_rider
crops\crop_000000490415_pair0_p0.53_b0.57.jpg,0.4352,0.5648,non_rider
crops\crop_000000490888_pair0_p0.67_b0.89.jpg,0.4320,0.5680,non_rider
crops\crop_000000494954_pair0_p0.51_b0.88.jpg,0.4341,0.5659,non_rider
crops\crop_000000495183_pair0_p0.89_b0.78.jpg,0.4379,0.5621,non_rider
crops\crop_000000495310_pair0_p0.87_b0.90.jpg,0.4345,0.5655,non_rider
crops\crop_000000496673_pair0_p0.78_b0.40.jpg,0.4337,0.5663,non_rider
crops\crop_000000499193_pair0_p0.65_b0.69.jpg,0.4391,0.5609,non_rider
crops\crop_000000499865_pair0_p0.74_b0.63.jpg,0.4394,0.5606,non_rider
crops\crop_000000501176_pair0_p0.86_b0.49.jpg,0.4355,0.5645,non_rider
crops\crop_000000507741_pair0_p0.87_b0.84.jpg,0.4315,0.5685,non_rider
crops\crop_000000509049_pair0_p0.85_b0.76.jpg,0.4377,0.5623,non_rider
crops\crop_000000513729_pair0_p0.55_b0.30.jpg,0.4326,0.5674,non_rider
crops\crop_000000514693_pair0_p0.91_b0.63.jpg,0.4331,0.5669,non_rider
crops\crop_000000515505_pair0_p0.74_b0.44.jpg,0.4330,0.5670,non_rider
crops\crop_000000518853_pair0_p0.85_b0.49.jpg,0.4294,0.5706,non_rider
crops\crop_000000518853_pair1_p0.35_b0.38.jpg,0.4296,0.5704,non_rider
crops\crop_000000521689_pair0_p0.80_b0.77.jpg,0.4339,0.5661,non_rider
crops\crop_000000521863_pair0_p0.38_b0.50.jpg,0.4335,0.5665,non_rider
crops\crop_000000522423_pair0_p0.62_b0.27.jpg,0.4339,0.5661,non_rider
crops\crop_000000523700_pair0_p0.90_b0.41.jpg,0.4360,0.5640,non_rider
crops\crop_000000523700_pair1_p0.81_b0.84.jpg,0.4313,0.5687,non_rider
crops\crop_000000523700_pair2_p0.80_b0.57.jpg,0.4368,0.5632,non_rider
crops\crop_000000523700_pair3_p0.78_b0.88.jpg,0.4343,0.5657,non_rider
crops\crop_000000523700_pair4_p0.71_b0.34.jpg,0.4325,0.5675,non_rider
crops\crop_000000524470_pair0_p0.79_b0.64.jpg,0.4359,0.5641,non_rider
crops\crop_000000525667_pair0_p0.93_b0.60.jpg,0.4302,0.5698,non_rider
crops\crop_000000528962_pair0_p0.88_b0.28.jpg,0.4337,0.5663,non_rider
crops\crop_000000531299_pair0_p0.76_b0.28.jpg,0.4325,0.5675,non_rider
crops\crop_000000532175_pair0_p0.89_b0.93.jpg,0.4360,0.5640,non_rider
crops\crop_000000534195_pair0_p0.62_b0.51.jpg,0.4341,0.5659,non_rider
crops\crop_000000534406_pair0_p0.68_b0.84.jpg,0.4319,0.5681,non_rider
crops\crop_000000534511_pair0_p0.85_b0.36.jpg,0.4363,0.5637,non_rider
crops\crop_000000534784_pair0_p0.74_b0.74.jpg,0.4375,0.5625,non_rider
crops\crop_000000536534_pair0_p0.91_b0.65.jpg,0.4350,0.5650,non_rider
crops\crop_000000537232_pair0_p0.75_b0.69.jpg,0.4397,0.5603,non_rider
crops\crop_000000541764_pair0_p0.70_b0.29.jpg,0.4348,0.5652,non_rider
crops\crop_000000541897_pair0_p0.81_b0.96.jpg,0.4307,0.5693,non_rider
crops\crop_000000543193_pair0_p0.85_b0.50.jpg,0.4441,0.5559,non_rider
crops\crop_000000545549_pair0_p0.86_b0.36.jpg,0.4385,0.5615,non_rider
crops\crop_000000550051_pair0_p0.60_b0.27.jpg,0.4339,0.5661,non_rider
crops\crop_000000552198_pair0_p0.46_b0.45.jpg,0.4379,0.5621,non_rider
crops\crop_000000552198_pair1_p0.35_b0.41.jpg,0.4392,0.5608,non_rider
crops\crop_000000552368_pair0_p0.56_b0.38.jpg,0.4348,0.5652,non_rider
crops\crop_000000555109_pair0_p0.81_b0.69.jpg,0.4371,0.5629,non_rider
crops\crop_000000559974_pair0_p0.78_b0.44.jpg,0.4296,0.5704,non_rider
crops\crop_000000572767_pair0_p0.69_b0.60.jpg,0.4335,0.5665,non_rider
crops\crop_000000572767_pair1_p0.47_b0.62.jpg,0.4300,0.5700,non_rider
crops\crop_000000573981_pair0_p0.69_b0.55.jpg,0.4332,0.5668,non_rider
crops\crop_000000573981_pair1_p0.46_b0.41.jpg,0.4364,0.5636,non_rider
crops\crop_000000573981_pair2_p0.32_b0.40.jpg,0.4356,0.5644,non_rider
crops\crop_000000574280_pair0_p0.25_b0.53.jpg,0.4302,0.5698,non_rider
crops\crop_000000574280_pair1_p0.25_b0.38.jpg,0.4302,0.5698,non_rider
crops\crop_000000575227_pair0_p0.88_b0.87.jpg,0.4368,0.5632,non_rider
crops\crop_000000577125_pair0_p0.68_b0.85.jpg,0.4373,0.5627,non_rider
crops\crop_000000578705_pair0_p0.46_b0.37.jpg,0.4315,0.5685,non_rider
crops\crop_000000579862_pair0_p0.92_b0.68.jpg,0.4333,0.5667,non_rider
crops\crop_000000579862_pair1_p0.89_b0.77.jpg,0.4374,0.5626,non_rider
crops\crop_000000580191_pair0_p0.69_b0.30.jpg,0.4325,0.5675,non_rider
crops\crop_000000581031_pair0_p0.83_b0.89.jpg,0.4392,0.5608,non_rider
crops\crop_000000581061_pair0_p0.87_b0.74.jpg,0.4378,0.5622,non_rider
crops\crop_100_pair0_p0.80_b0.76.jpg,0.4352,0.5648,non_rider
crops\crop_101_pair0_p0.78_b0.57.jpg,0.4340,0.5660,non_rider
crops\crop_103_pair0_p0.80_b0.42.jpg,0.4424,0.5576,non_rider
crops\crop_1041_pair0_p0.90_b0.53.jpg,0.4385,0.5615,non_rider
crops\crop_106_pair0_p0.87_b0.92.jpg,0.4396,0.5604,non_rider
crops\crop_108_pair0_p0.79_b0.77.jpg,0.4398,0.5602,non_rider
crops\crop_109_pair0_p0.85_b0.66.jpg,0.4373,0.5627,non_rider
crops\crop_10_pair0_p0.82_b0.26.jpg,0.4334,0.5666,non_rider
crops\crop_10_pair1_p0.74_b0.41.jpg,0.4340,0.5660,non_rider
crops\crop_10_pair2_p0.57_b0.35.jpg,0.4313,0.5687,non_rider
crops\crop_110_pair0_p0.91_b0.77.jpg,0.4319,0.5681,non_rider
crops\crop_110_pair1_p0.81_b0.54.jpg,0.4367,0.5633,non_rider
crops\crop_114_pair0_p0.73_b0.44.jpg,0.4348,0.5652,non_rider
crops\crop_116_pair0_p0.58_b0.31.jpg,0.4301,0.5699,non_rider
crops\crop_117_pair0_p0.88_b0.88.jpg,0.4399,0.5601,non_rider
crops\crop_118_pair0_p0.88_b0.60.jpg,0.4374,0.5626,non_rider
crops\crop_119_pair0_p0.87_b0.87.jpg,0.4365,0.5635,non_rider
crops\crop_122_pair0_p0.90_b0.42.jpg,0.4368,0.5632,non_rider
crops\crop_123_pair0_p0.89_b0.39.jpg,0.4379,0.5621,non_rider
crops\crop_12_pair0_p0.85_b0.39.jpg,0.4344,0.5656,non_rider
crops\crop_12_pair1_p0.78_b0.42.jpg,0.4338,0.5662,non_rider
crops\crop_12_pair2_p0.78_b0.39.jpg,0.4364,0.5636,non_rider
crops\crop_12_pair3_p0.72_b0.43.jpg,0.4344,0.5656,non_rider
crops\crop_12_pair4_p0.58_b0.47.jpg,0.4338,0.5662,non_rider
crops\crop_132_pair0_p0.94_b0.71.jpg,0.4338,0.5662,non_rider
crops\crop_13_pair0_p0.82_b0.49.jpg,0.4341,0.5659,non_rider
crops\crop_13_pair1_p0.53_b0.27.jpg,0.4315,0.5685,non_rider
crops\crop_149_pair0_p0.93_b0.95.jpg,0.4331,0.5669,non_rider
crops\crop_14_pair0_p0.77_b0.44.jpg,0.4309,0.5691,non_rider
crops\crop_14_pair1_p0.63_b0.37.jpg,0.4317,0.5683,non_rider
crops\crop_14_pair2_p0.54_b0.30.jpg,0.4281,0.5719,non_rider
crops\crop_150_pair0_p0.81_b0.69.jpg,0.4261,0.5739,non_rider
crops\crop_151_pair0_p0.85_b0.67.jpg,0.4347,0.5653,non_rider
crops\crop_152_pair0_p0.88_b0.69.jpg,0.4386,0.5614,non_rider
crops\crop_153_pair0_p0.86_b0.62.jpg,0.4352,0.5648,non_rider
crops\crop_156_pair0_p0.93_b0.60.jpg,0.4380,0.5620,non_rider
crops\crop_157_pair0_p0.92_b0.83.jpg,0.4346,0.5654,non_rider
crops\crop_158_pair0_p0.93_b0.85.jpg,0.4353,0.5647,non_rider
crops\crop_159_pair0_p0.60_b0.68.jpg,0.4351,0.5649,non_rider
crops\crop_15_pair0_p0.81_b0.31.jpg,0.4327,0.5673,non_rider
crops\crop_15_pair1_p0.76_b0.29.jpg,0.4359,0.5641,non_rider
crops\crop_15_pair2_p0.76_b0.26.jpg,0.4309,0.5691,non_rider
crops\crop_16_pair0_p0.56_b0.34.jpg,0.4305,0.5695,non_rider
crops\crop_172_pair0_p0.78_b0.37.jpg,0.4352,0.5648,non_rider
crops\crop_173_pair0_p0.78_b0.64.jpg,0.4382,0.5618,non_rider
crops\crop_17_pair0_p0.72_b0.29.jpg,0.4340,0.5660,non_rider
crops\crop_17_pair1_p0.56_b0.40.jpg,0.4317,0.5683,non_rider
crops\crop_17_pair2_p0.43_b0.28.jpg,0.4304,0.5696,non_rider
crops\crop_180_pair0_p0.76_b0.49.jpg,0.4372,0.5628,non_rider
crops\crop_181_pair0_p0.78_b0.51.jpg,0.4352,0.5648,non_rider
crops\crop_181_pair1_p0.78_b0.25.jpg,0.4348,0.5652,non_rider
crops\crop_182_pair0_p0.80_b0.55.jpg,0.4348,0.5652,non_rider
crops\crop_183_pair0_p0.81_b0.48.jpg,0.4358,0.5642,non_rider
crops\crop_183_pair1_p0.80_b0.36.jpg,0.4345,0.5655,non_rider
crops\crop_18638_pair0_p0.61_b0.45.jpg,0.4313,0.5687,non_rider
crops\crop_18639_pair0_p0.49_b0.46.jpg,0.4299,0.5701,non_rider
crops\crop_18639_pair1_p0.40_b0.31.jpg,0.4285,0.5715,non_rider
crops\crop_18641_pair0_p0.71_b0.45.jpg,0.4328,0.5672,non_rider
crops\crop_18641_pair1_p0.61_b0.47.jpg,0.4285,0.5715,non_rider
crops\crop_18642_pair0_p0.70_b0.43.jpg,0.4312,0.5688,non_rider
crops\crop_18642_pair1_p0.65_b0.50.jpg,0.4290,0.5710,non_rider
crops\crop_18643_pair0_p0.76_b0.38.jpg,0.4311,0.5689,non_rider
crops\crop_18643_pair1_p0.68_b0.50.jpg,0.4297,0.5703,non_rider
crops\crop_18644_pair0_p0.75_b0.53.jpg,0.4307,0.5693,non_rider
crops\crop_18644_pair1_p0.67_b0.45.jpg,0.4326,0.5674,non_rider
crops\crop_18645_pair0_p0.76_b0.58.jpg,0.4290,0.5710,non_rider
crops\crop_18645_pair1_p0.71_b0.49.jpg,0.4317,0.5683,non_rider
crops\crop_18647_pair0_p0.77_b0.56.jpg,0.4295,0.5705,non_rider
crops\crop_18649_pair0_p0.79_b0.45.jpg,0.4294,0.5706,non_rider
crops\crop_18649_pair1_p0.75_b0.73.jpg,0.4289,0.5711,non_rider
crops\crop_18650_pair0_p0.69_b0.65.jpg,0.4283,0.5717,non_rider
crops\crop_18651_pair0_p0.66_b0.66.jpg,0.4299,0.5701,non_rider
crops\crop_18652_pair0_p0.79_b0.48.jpg,0.4312,0.5688,non_rider
crops\crop_18652_pair1_p0.63_b0.53.jpg,0.4296,0.5704,non_rider
crops\crop_18653_pair0_p0.81_b0.31.jpg,0.4281,0.5719,non_rider
crops\crop_18653_pair1_p0.78_b0.58.jpg,0.4300,0.5700,non_rider
crops\crop_18654_pair0_p0.78_b0.38.jpg,0.4309,0.5691,non_rider
crops\crop_18654_pair1_p0.59_b0.57.jpg,0.4303,0.5697,non_rider
crops\crop_18656_pair0_p0.84_b0.51.jpg,0.4312,0.5688,non_rider
crops\crop_18657_pair0_p0.82_b0.45.jpg,0.4349,0.5651,non_rider
crops\crop_18659_pair0_p0.78_b0.51.jpg,0.4320,0.5680,non_rider
crops\crop_18659_pair1_p0.73_b0.49.jpg,0.4296,0.5704,non_rider
crops\crop_18660_pair0_p0.71_b0.48.jpg,0.4323,0.5677,non_rider
crops\crop_18660_pair1_p0.60_b0.40.jpg,0.4294,0.5706,non_rider
crops\crop_18668_pair0_p0.68_b0.41.jpg,0.4395,0.5605,non_rider
crops\crop_18670_pair0_p0.32_b0.38.jpg,0.4288,0.5712,non_rider
crops\crop_18672_pair0_p0.64_b0.60.jpg,0.4338,0.5662,non_rider
crops\crop_186_pair0_p0.86_b0.44.jpg,0.4357,0.5643,non_rider
crops\crop_188_pair0_p0.84_b0.55.jpg,0.4347,0.5653,non_rider
crops\crop_190_pair0_p0.84_b0.43.jpg,0.4356,0.5644,non_rider
crops\crop_191_pair0_p0.85_b0.48.jpg,0.4361,0.5639,non_rider
crops\crop_192_pair0_p0.83_b0.54.jpg,0.4337,0.5663,non_rider
crops\crop_192_pair1_p0.27_b0.40.jpg,0.4256,0.5744,non_rider
crops\crop_192_pair2_p0.27_b0.39.jpg,0.4256,0.5744,non_rider
crops\crop_193_pair0_p0.83_b0.46.jpg,0.4308,0.5692,non_rider
crops\crop_194_pair0_p0.85_b0.43.jpg,0.4325,0.5675,non_rider
crops\crop_195_pair0_p0.84_b0.55.jpg,0.4367,0.5633,non_rider
crops\crop_19_pair0_p0.78_b0.57.jpg,0.4360,0.5640,non_rider
crops\crop_1_pair0_p0.58_b0.62.jpg,0.4377,0.5623,non_rider
crops\crop_201_pair0_p0.87_b0.61.jpg,0.4389,0.5611,non_rider
crops\crop_203_pair0_p0.84_b0.53.jpg,0.4369,0.5631,non_rider
crops\crop_204_pair0_p0.86_b0.60.jpg,0.4317,0.5683,non_rider
crops\crop_204_pair1_p0.86_b0.32.jpg,0.4350,0.5650,non_rider
crops\crop_205_pair0_p0.85_b0.44.jpg,0.4358,0.5642,non_rider
crops\crop_206_pair0_p0.90_b0.52.jpg,0.4385,0.5615,non_rider
crops\crop_207_pair0_p0.88_b0.55.jpg,0.4363,0.5637,non_rider
crops\crop_2084_pair0_p0.86_b0.38.jpg,0.4373,0.5627,non_rider
crops\crop_2085_pair0_p0.88_b0.65.jpg,0.4380,0.5620,non_rider
crops\crop_2086_pair0_p0.42_b0.52.jpg,0.4341,0.5659,non_rider
crops\crop_2090_pair0_p0.26_b0.43.jpg,0.4337,0.5663,non_rider
crops\crop_2093_pair0_p0.54_b0.63.jpg,0.4328,0.5672,non_rider
crops\crop_2095_pair0_p0.79_b0.71.jpg,0.4360,0.5640,non_rider
crops\crop_2095_pair1_p0.48_b0.60.jpg,0.4311,0.5689,non_rider
crops\crop_2111_pair0_p0.49_b0.25.jpg,0.4302,0.5698,non_rider
crops\crop_2112_pair0_p0.53_b0.34.jpg,0.4310,0.5690,non_rider
crops\crop_2113_pair0_p0.70_b0.43.jpg,0.4297,0.5703,non_rider
crops\crop_2116_pair0_p0.59_b0.32.jpg,0.4308,0.5692,non_rider
crops\crop_2117_pair0_p0.33_b0.39.jpg,0.4337,0.5663,non_rider
crops\crop_2118_pair0_p0.45_b0.35.jpg,0.4335,0.5665,non_rider
crops\crop_2119_pair0_p0.28_b0.30.jpg,0.4370,0.5630,non_rider
crops\crop_2120_pair0_p0.31_b0.38.jpg,0.4340,0.5660,non_rider
crops\crop_2121_pair0_p0.27_b0.29.jpg,0.4327,0.5673,non_rider
crops\crop_2121_pair1_p0.27_b0.34.jpg,0.4348,0.5652,non_rider
crops\crop_2128_pair0_p0.70_b0.26.jpg,0.4358,0.5642,non_rider
crops\crop_2129_pair0_p0.27_b0.29.jpg,0.4345,0.5655,non_rider
crops\crop_2133_pair0_p0.81_b0.47.jpg,0.4391,0.5609,non_rider
crops\crop_2139_pair0_p0.32_b0.40.jpg,0.4338,0.5662,non_rider
crops\crop_2140_pair0_p0.45_b0.46.jpg,0.4306,0.5694,non_rider
crops\crop_24_pair0_p0.69_b0.42.jpg,0.4308,0.5692,non_rider
crops\crop_25_pair0_p0.88_b0.74.jpg,0.4383,0.5617,non_rider
crops\crop_26_pair0_p0.82_b0.48.jpg,0.4315,0.5685,non_rider
crops\crop_27_pair0_p0.29_b0.69.jpg,0.4389,0.5611,non_rider
crops\crop_28_pair0_p0.39_b0.33.jpg,0.4358,0.5642,non_rider
crops\crop_29_pair0_p0.72_b0.28.jpg,0.4325,0.5675,non_rider
crops\crop_30_pair0_p0.48_b0.42.jpg,0.4311,0.5689,non_rider
crops\crop_30_pair1_p0.37_b0.46.jpg,0.4351,0.5649,non_rider
crops\crop_33_pair0_p0.59_b0.57.jpg,0.4276,0.5724,non_rider
crops\crop_36_pair0_p0.49_b0.29.jpg,0.4294,0.5706,non_rider
crops\crop_3_pair0_p0.81_b0.58.jpg,0.4273,0.5727,non_rider
crops\crop_40_pair0_p0.79_b0.58.jpg,0.4401,0.5599,non_rider
crops\crop_4226_pair0_p0.71_b0.79.jpg,0.4384,0.5616,non_rider
crops\crop_4229_pair0_p0.64_b0.47.jpg,0.4276,0.5724,non_rider
crops\crop_4231_pair0_p0.50_b0.41.jpg,0.4322,0.5678,non_rider
crops\crop_4233_pair0_p0.46_b0.39.jpg,0.4335,0.5665,non_rider
crops\crop_4234_pair0_p0.78_b0.37.jpg,0.4357,0.5643,non_rider
crops\crop_4236_pair0_p0.85_b0.60.jpg,0.4384,0.5616,non_rider
crops\crop_4236_pair1_p0.57_b0.56.jpg,0.4301,0.5699,non_rider
crops\crop_4237_pair0_p0.86_b0.66.jpg,0.4369,0.5631,non_rider
crops\crop_4238_pair0_p0.76_b0.55.jpg,0.4417,0.5583,non_rider
crops\crop_4238_pair1_p0.43_b0.45.jpg,0.4302,0.5698,non_rider
crops\crop_4240_pair0_p0.81_b0.43.jpg,0.4357,0.5643,non_rider
crops\crop_4242_pair0_p0.67_b0.45.jpg,0.4262,0.5738,non_rider
crops\crop_4243_pair0_p0.90_b0.66.jpg,0.4382,0.5618,non_rider
crops\crop_4245_pair0_p0.89_b0.35.jpg,0.4394,0.5606,non_rider
crops\crop_4263_pair0_p0.39_b0.37.jpg,0.4331,0.5669,non_rider
crops\crop_4273_pair0_p0.48_b0.41.jpg,0.4353,0.5647,non_rider
crops\crop_4274_pair0_p0.48_b0.37.jpg,0.4329,0.5671,non_rider
crops\crop_4282_pair0_p0.83_b0.78.jpg,0.4394,0.5606,non_rider
crops\crop_4286_pair0_p0.79_b0.43.jpg,0.4327,0.5673,non_rider
crops\crop_4287_pair0_p0.65_b0.56.jpg,0.4397,0.5603,non_rider
crops\crop_4288_pair0_p0.79_b0.48.jpg,0.4354,0.5646,non_rider
crops\crop_4290_pair0_p0.86_b0.50.jpg,0.4374,0.5626,non_rider
crops\crop_4290_pair1_p0.54_b0.31.jpg,0.4333,0.5667,non_rider
crops\crop_4294_pair0_p0.85_b0.32.jpg,0.4335,0.5665,non_rider
crops\crop_4294_pair1_p0.77_b0.52.jpg,0.4312,0.5688,non_rider
crops\crop_4295_pair0_p0.67_b0.60.jpg,0.4365,0.5635,non_rider
crops\crop_4296_pair0_p0.67_b0.63.jpg,0.4388,0.5612,non_rider
crops\crop_4301_pair0_p0.75_b0.46.jpg,0.4347,0.5653,non_rider
crops\crop_4303_pair0_p0.75_b0.59.jpg,0.4353,0.5647,non_rider
crops\crop_4304_pair0_p0.75_b0.61.jpg,0.4352,0.5648,non_rider
crops\crop_4304_pair1_p0.65_b0.64.jpg,0.4362,0.5638,non_rider
crops\crop_4305_pair0_p0.79_b0.62.jpg,0.4361,0.5639,non_rider
crops\crop_4305_pair1_p0.68_b0.30.jpg,0.4363,0.5637,non_rider
crops\crop_4306_pair0_p0.71_b0.52.jpg,0.4304,0.5696,non_rider
crops\crop_4308_pair0_p0.69_b0.37.jpg,0.4390,0.5610,non_rider
crops\crop_4309_pair0_p0.45_b0.44.jpg,0.4303,0.5697,non_rider
crops\crop_4311_pair0_p0.76_b0.48.jpg,0.4328,0.5672,non_rider
crops\crop_4315_pair0_p0.64_b0.33.jpg,0.4346,0.5654,non_rider
crops\crop_4315_pair1_p0.35_b0.27.jpg,0.4365,0.5635,non_rider
crops\crop_4316_pair0_p0.28_b0.36.jpg,0.4332,0.5668,non_rider
crops\crop_4317_pair0_p0.35_b0.34.jpg,0.4294,0.5706,non_rider
crops\crop_4319_pair0_p0.52_b0.34.jpg,0.4266,0.5734,non_rider
crops\crop_4322_pair0_p0.71_b0.68.jpg,0.4331,0.5669,non_rider
crops\crop_4323_pair0_p0.70_b0.65.jpg,0.4350,0.5650,non_rider
crops\crop_4324_pair0_p0.77_b0.33.jpg,0.4361,0.5639,non_rider
crops\crop_4325_pair0_p0.77_b0.27.jpg,0.4296,0.5704,non_rider
crops\crop_4328_pair0_p0.65_b0.67.jpg,0.4376,0.5624,non_rider
crops\crop_4329_pair0_p0.56_b0.80.jpg,0.4342,0.5658,non_rider
crops\crop_4330_pair0_p0.66_b0.50.jpg,0.4333,0.5667,non_rider
crops\crop_4330_pair1_p0.60_b0.65.jpg,0.4277,0.5723,non_rider
crops\crop_4331_pair0_p0.42_b0.73.jpg,0.4296,0.5704,non_rider
crops\crop_4332_pair0_p0.46_b0.68.jpg,0.4299,0.5701,non_rider
crops\crop_4333_pair0_p0.50_b0.61.jpg,0.4324,0.5676,non_rider
crops\crop_4333_pair1_p0.26_b0.30.jpg,0.4343,0.5657,non_rider
crops\crop_4334_pair0_p0.72_b0.36.jpg,0.4279,0.5721,non_rider
crops\crop_4334_pair1_p0.64_b0.62.jpg,0.4343,0.5657,non_rider
crops\crop_4334_pair2_p0.36_b0.26.jpg,0.4323,0.5677,non_rider
crops\crop_4335_pair0_p0.72_b0.40.jpg,0.4307,0.5693,non_rider
crops\crop_4336_pair0_p0.75_b0.41.jpg,0.4310,0.5690,non_rider
crops\crop_4338_pair0_p0.80_b0.46.jpg,0.4304,0.5696,non_rider
crops\crop_4338_pair1_p0.75_b0.68.jpg,0.4339,0.5661,non_rider
crops\crop_4338_pair2_p0.35_b0.30.jpg,0.4302,0.5698,non_rider
crops\crop_4339_pair0_p0.71_b0.29.jpg,0.4341,0.5659,non_rider
crops\crop_4339_pair1_p0.64_b0.65.jpg,0.4318,0.5682,non_rider
crops\crop_4340_pair0_p0.71_b0.66.jpg,0.4328,0.5672,non_rider
crops\crop_4341_pair0_p0.81_b0.46.jpg,0.4322,0.5678,non_rider
crops\crop_4341_pair1_p0.80_b0.60.jpg,0.4330,0.5670,non_rider
crops\crop_4342_pair0_p0.84_b0.54.jpg,0.4280,0.5720,non_rider
crops\crop_4342_pair1_p0.79_b0.61.jpg,0.4334,0.5666,non_rider
crops\crop_4342_pair2_p0.49_b0.28.jpg,0.4312,0.5688,non_rider
crops\crop_4343_pair0_p0.83_b0.56.jpg,0.4283,0.5717,non_rider
crops\crop_4343_pair1_p0.75_b0.66.jpg,0.4345,0.5655,non_rider
crops\crop_4344_pair0_p0.82_b0.54.jpg,0.4295,0.5705,non_rider
crops\crop_4344_pair1_p0.74_b0.49.jpg,0.4332,0.5668,non_rider
crops\crop_4345_pair0_p0.82_b0.52.jpg,0.4284,0.5716,non_rider
crops\crop_4345_pair1_p0.76_b0.61.jpg,0.4334,0.5666,non_rider
crops\crop_4346_pair0_p0.81_b0.55.jpg,0.4392,0.5608,non_rider
crops\crop_4346_pair1_p0.72_b0.61.jpg,0.4357,0.5643,non_rider
crops\crop_4346_pair2_p0.51_b0.35.jpg,0.4341,0.5659,non_rider
crops\crop_4347_pair0_p0.73_b0.55.jpg,0.4380,0.5620,non_rider
crops\crop_4347_pair1_p0.37_b0.36.jpg,0.4337,0.5663,non_rider
crops\crop_4348_pair0_p0.76_b0.26.jpg,0.4400,0.5600,non_rider
crops\crop_4348_pair1_p0.72_b0.27.jpg,0.4323,0.5677,non_rider
crops\crop_4348_pair2_p0.45_b0.30.jpg,0.4307,0.5693,non_rider
crops\crop_4349_pair0_p0.70_b0.38.jpg,0.4321,0.5679,non_rider
crops\crop_4349_pair1_p0.46_b0.34.jpg,0.4317,0.5683,non_rider
crops\crop_4350_pair0_p0.91_b0.45.jpg,0.4384,0.5616,non_rider
crops\crop_4350_pair1_p0.82_b0.69.jpg,0.4430,0.5570,non_rider
crops\crop_4350_pair2_p0.68_b0.77.jpg,0.4399,0.5601,non_rider
crops\crop_4352_pair0_p0.30_b0.36.jpg,0.4394,0.5606,non_rider
crops\crop_4354_pair0_p0.73_b0.31.jpg,0.4375,0.5625,non_rider
crops\crop_4357_pair0_p0.77_b0.40.jpg,0.4355,0.5645,non_rider
crops\crop_4359_pair0_p0.59_b0.88.jpg,0.4390,0.5610,non_rider
crops\crop_4361_pair0_p0.84_b0.89.jpg,0.4403,0.5597,non_rider
crops\crop_4362_pair0_p0.64_b0.66.jpg,0.4392,0.5608,non_rider
crops\crop_4363_pair0_p0.82_b0.68.jpg,0.4385,0.5615,non_rider
crops\crop_4363_pair1_p0.82_b0.34.jpg,0.4360,0.5640,non_rider
crops\crop_4368_pair0_p0.75_b0.33.jpg,0.4315,0.5685,non_rider
crops\crop_4368_pair1_p0.74_b0.82.jpg,0.4403,0.5597,non_rider
crops\crop_4370_pair0_p0.69_b0.82.jpg,0.4409,0.5591,non_rider
crops\crop_4370_pair1_p0.69_b0.42.jpg,0.4299,0.5701,non_rider
crops\crop_4371_pair0_p0.78_b0.83.jpg,0.4417,0.5583,non_rider
crops\crop_4371_pair1_p0.72_b0.44.jpg,0.4354,0.5646,non_rider
crops\crop_4372_pair0_p0.74_b0.81.jpg,0.4410,0.5590,non_rider
crops\crop_4373_pair0_p0.77_b0.66.jpg,0.4315,0.5685,non_rider
crops\crop_4374_pair0_p0.80_b0.53.jpg,0.4378,0.5622,non_rider
crops\crop_4374_pair1_p0.72_b0.78.jpg,0.4417,0.5583,non_rider
crops\crop_4374_pair2_p0.48_b0.27.jpg,0.4338,0.5662,non_rider
crops\crop_4379_pair0_p0.59_b0.66.jpg,0.4395,0.5605,non_rider
crops\crop_4381_pair0_p0.64_b0.34.jpg,0.4415,0.5585,non_rider
crops\crop_4382_pair0_p0.64_b0.59.jpg,0.4413,0.5587,non_rider
crops\crop_4386_pair0_p0.36_b0.40.jpg,0.4310,0.5690,non_rider
crops\crop_4389_pair0_p0.89_b0.45.jpg,0.4399,0.5601,non_rider
crops\crop_4403_pair0_p0.63_b0.51.jpg,0.4378,0.5622,non_rider
crops\crop_4404_pair0_p0.70_b0.62.jpg,0.4291,0.5709,non_rider
crops\crop_4404_pair1_p0.68_b0.83.jpg,0.4403,0.5597,non_rider
crops\crop_4405_pair0_p0.75_b0.60.jpg,0.4284,0.5716,non_rider
crops\crop_4405_pair1_p0.66_b0.80.jpg,0.4409,0.5591,non_rider
crops\crop_4406_pair0_p0.89_b0.90.jpg,0.4382,0.5618,non_rider
crops\crop_4406_pair1_p0.75_b0.55.jpg,0.4289,0.5711,non_rider
crops\crop_4406_pair2_p0.64_b0.83.jpg,0.4402,0.5598,non_rider
crops\crop_4408_pair0_p0.85_b0.92.jpg,0.4397,0.5603,non_rider
crops\crop_4408_pair1_p0.68_b0.82.jpg,0.4418,0.5582,non_rider
crops\crop_4408_pair2_p0.57_b0.62.jpg,0.4314,0.5686,non_rider
crops\crop_4411_pair0_p0.82_b0.64.jpg,0.4342,0.5658,non_rider
crops\crop_4411_pair1_p0.77_b0.85.jpg,0.4419,0.5581,non_rider
crops\crop_4411_pair2_p0.72_b0.86.jpg,0.4409,0.5591,non_rider
crops\crop_4412_pair0_p0.86_b0.56.jpg,0.4309,0.5691,non_rider
crops\crop_4412_pair1_p0.76_b0.87.jpg,0.4432,0.5568,non_rider
crops\crop_4412_pair2_p0.74_b0.88.jpg,0.4407,0.5593,non_rider
crops\crop_4414_pair0_p0.68_b0.61.jpg,0.4310,0.5690,non_rider
crops\crop_4414_pair1_p0.67_b0.75.jpg,0.4385,0.5615,non_rider
crops\crop_4414_pair2_p0.41_b0.66.jpg,0.4369,0.5631,non_rider
crops\crop_4416_pair0_p0.83_b0.74.jpg,0.4390,0.5610,non_rider
crops\crop_4416_pair1_p0.54_b0.70.jpg,0.4309,0.5691,non_rider
crops\crop_4417_pair0_p0.83_b0.77.jpg,0.4388,0.5612,non_rider
crops\crop_4417_pair1_p0.67_b0.72.jpg,0.4304,0.5696,non_rider
crops\crop_4417_pair2_p0.62_b0.49.jpg,0.4327,0.5673,non_rider
crops\crop_4419_pair0_p0.81_b0.81.jpg,0.4382,0.5618,non_rider
crops\crop_4419_pair1_p0.55_b0.66.jpg,0.4323,0.5677,non_rider
crops\crop_4420_pair0_p0.78_b0.78.jpg,0.4345,0.5655,non_rider
crops\crop_4420_pair1_p0.58_b0.70.jpg,0.4359,0.5641,non_rider
crops\crop_4421_pair0_p0.76_b0.75.jpg,0.4332,0.5668,non_rider
crops\crop_4421_pair1_p0.71_b0.55.jpg,0.4343,0.5657,non_rider
crops\crop_4422_pair0_p0.77_b0.47.jpg,0.4339,0.5661,non_rider
crops\crop_4422_pair1_p0.66_b0.60.jpg,0.4348,0.5652,non_rider
crops\crop_4422_pair2_p0.61_b0.77.jpg,0.4343,0.5657,non_rider
crops\crop_4423_pair0_p0.68_b0.76.jpg,0.4347,0.5653,non_rider
crops\crop_4423_pair1_p0.58_b0.74.jpg,0.4355,0.5645,non_rider
crops\crop_4424_pair0_p0.72_b0.33.jpg,0.4267,0.5733,non_rider
crops\crop_4424_pair1_p0.59_b0.75.jpg,0.4408,0.5592,non_rider
crops\crop_4424_pair2_p0.44_b0.43.jpg,0.4353,0.5647,non_rider
crops\crop_4428_pair0_p0.60_b0.45.jpg,0.4347,0.5653,non_rider
crops\crop_4429_pair0_p0.67_b0.70.jpg,0.4321,0.5679,non_rider
crops\crop_4431_pair0_p0.73_b0.25.jpg,0.4311,0.5689,non_rider
crops\crop_4432_pair0_p0.63_b0.31.jpg,0.4278,0.5722,non_rider
crops\crop_4433_pair0_p0.78_b0.40.jpg,0.4304,0.5696,non_rider
crops\crop_4434_pair0_p0.73_b0.36.jpg,0.4288,0.5712,non_rider
crops\crop_4441_pair0_p0.80_b0.42.jpg,0.4394,0.5606,non_rider
crops\crop_4441_pair1_p0.68_b0.48.jpg,0.4347,0.5653,non_rider
crops\crop_4442_pair0_p0.76_b0.50.jpg,0.4324,0.5676,non_rider
crops\crop_4446_pair0_p0.87_b0.61.jpg,0.4389,0.5611,non_rider
crops\crop_4446_pair1_p0.73_b0.35.jpg,0.4350,0.5650,non_rider
crops\crop_4448_pair0_p0.67_b0.36.jpg,0.4414,0.5586,non_rider
crops\crop_4450_pair0_p0.92_b0.83.jpg,0.4403,0.5597,non_rider
crops\crop_4452_pair0_p0.92_b0.82.jpg,0.4391,0.5609,non_rider
crops\crop_4453_pair0_p0.47_b0.45.jpg,0.4351,0.5649,non_rider
crops\crop_4455_pair0_p0.70_b0.44.jpg,0.4357,0.5643,non_rider
crops\crop_4456_pair0_p0.72_b0.30.jpg,0.4328,0.5672,non_rider
crops\crop_4457_pair0_p0.74_b0.47.jpg,0.4380,0.5620,non_rider
crops\crop_4458_pair0_p0.82_b0.36.jpg,0.4302,0.5698,non_rider
crops\crop_4459_pair0_p0.91_b0.88.jpg,0.4374,0.5626,non_rider
crops\crop_4460_pair0_p0.53_b0.61.jpg,0.4373,0.5627,non_rider
crops\crop_4461_pair0_p0.83_b0.51.jpg,0.4323,0.5677,non_rider
crops\crop_4461_pair1_p0.62_b0.45.jpg,0.4311,0.5689,non_rider
crops\crop_4462_pair0_p0.79_b0.41.jpg,0.4313,0.5687,non_rider
crops\crop_4462_pair1_p0.65_b0.59.jpg,0.4385,0.5615,non_rider
crops\crop_4464_pair0_p0.66_b0.48.jpg,0.4384,0.5616,non_rider
crops\crop_4466_pair0_p0.48_b0.27.jpg,0.4397,0.5603,non_rider
crops\crop_4467_pair0_p0.74_b0.62.jpg,0.4387,0.5613,non_rider
crops\crop_4467_pair1_p0.71_b0.42.jpg,0.4269,0.5731,non_rider
crops\crop_4470_pair0_p0.69_b0.59.jpg,0.4292,0.5708,non_rider
crops\crop_4472_pair0_p0.49_b0.26.jpg,0.4380,0.5620,non_rider
crops\crop_4473_pair0_p0.78_b0.73.jpg,0.4302,0.5698,non_rider
crops\crop_4473_pair1_p0.52_b0.30.jpg,0.4414,0.5586,non_rider
crops\crop_4473_pair2_p0.47_b0.70.jpg,0.4363,0.5637,non_rider
crops\crop_4474_pair0_p0.76_b0.74.jpg,0.4288,0.5712,non_rider
crops\crop_4475_pair0_p0.78_b0.76.jpg,0.4302,0.5698,non_rider
crops\crop_4475_pair1_p0.48_b0.58.jpg,0.4338,0.5662,non_rider
crops\crop_4476_pair0_p0.85_b0.66.jpg,0.4301,0.5699,non_rider
crops\crop_4476_pair1_p0.50_b0.70.jpg,0.4346,0.5654,non_rider
crops\crop_4477_pair0_p0.79_b0.66.jpg,0.4297,0.5703,non_rider
crops\crop_4477_pair1_p0.56_b0.64.jpg,0.4351,0.5649,non_rider
crops\crop_4477_pair2_p0.40_b0.34.jpg,0.4362,0.5638,non_rider
crops\crop_4480_pair0_p0.77_b0.61.jpg,0.4319,0.5681,non_rider
crops\crop_4481_pair0_p0.82_b0.62.jpg,0.4294,0.5706,non_rider
crops\crop_4481_pair1_p0.70_b0.68.jpg,0.4348,0.5652,non_rider
crops\crop_4481_pair2_p0.52_b0.34.jpg,0.4409,0.5591,non_rider
crops\crop_4482_pair0_p0.75_b0.45.jpg,0.4265,0.5735,non_rider
crops\crop_4482_pair1_p0.51_b0.29.jpg,0.4390,0.5610,non_rider
crops\crop_4482_pair2_p0.46_b0.72.jpg,0.4349,0.5651,non_rider
crops\crop_4483_pair0_p0.55_b0.65.jpg,0.4324,0.5676,non_rider
crops\crop_4483_pair1_p0.53_b0.39.jpg,0.4395,0.5605,non_rider
crops\crop_4484_pair0_p0.80_b0.50.jpg,0.4321,0.5679,non_rider
crops\crop_4484_pair1_p0.71_b0.66.jpg,0.4339,0.5661,non_rider
crops\crop_4484_pair2_p0.55_b0.38.jpg,0.4399,0.5601,non_rider
crops\crop_4485_pair0_p0.84_b0.56.jpg,0.4290,0.5710,non_rider
crops\crop_4485_pair1_p0.72_b0.64.jpg,0.4359,0.5641,non_rider
crops\crop_4485_pair2_p0.57_b0.30.jpg,0.4402,0.5598,non_rider
crops\crop_4486_pair0_p0.84_b0.62.jpg,0.4308,0.5692,non_rider
crops\crop_4486_pair1_p0.63_b0.50.jpg,0.4371,0.5629,non_rider
crops\crop_4487_pair0_p0.63_b0.41.jpg,0.4372,0.5628,non_rider
crops\crop_4488_pair0_p0.82_b0.62.jpg,0.4361,0.5639,non_rider
crops\crop_4488_pair1_p0.75_b0.63.jpg,0.4379,0.5621,non_rider
crops\crop_4488_pair2_p0.60_b0.42.jpg,0.4389,0.5611,non_rider
crops\crop_4489_pair0_p0.86_b0.74.jpg,0.4379,0.5621,non_rider
crops\crop_4489_pair1_p0.78_b0.55.jpg,0.4374,0.5626,non_rider
crops\crop_4489_pair2_p0.63_b0.53.jpg,0.4370,0.5630,non_rider
crops\crop_4491_pair0_p0.77_b0.78.jpg,0.4396,0.5604,non_rider
crops\crop_4491_pair1_p0.69_b0.31.jpg,0.4389,0.5611,non_rider
crops\crop_4491_pair2_p0.51_b0.63.jpg,0.4384,0.5616,non_rider
crops\crop_4492_pair0_p0.77_b0.58.jpg,0.4397,0.5603,non_rider
crops\crop_4492_pair1_p0.61_b0.58.jpg,0.4381,0.5619,non_rider
crops\crop_4493_pair0_p0.74_b0.59.jpg,0.4391,0.5609,non_rider
crops\crop_4493_pair1_p0.64_b0.57.jpg,0.4371,0.5629,non_rider
crops\crop_4494_pair0_p0.81_b0.81.jpg,0.4404,0.5596,non_rider
crops\crop_4494_pair1_p0.78_b0.62.jpg,0.4380,0.5620,non_rider
crops\crop_4494_pair2_p0.62_b0.61.jpg,0.4364,0.5636,non_rider
crops\crop_4496_pair0_p0.85_b0.82.jpg,0.4421,0.5579,non_rider
crops\crop_4496_pair1_p0.74_b0.70.jpg,0.4390,0.5610,non_rider
crops\crop_4496_pair2_p0.57_b0.47.jpg,0.4403,0.5597,non_rider
crops\crop_4498_pair0_p0.85_b0.63.jpg,0.4403,0.5597,non_rider
crops\crop_4498_pair1_p0.70_b0.57.jpg,0.4400,0.5600,non_rider
crops\crop_4499_pair0_p0.83_b0.50.jpg,0.4337,0.5663,non_rider
crops\crop_4499_pair1_p0.77_b0.64.jpg,0.4403,0.5597,non_rider
crops\crop_4499_pair2_p0.77_b0.68.jpg,0.4381,0.5619,non_rider
crops\crop_4500_pair0_p0.77_b0.68.jpg,0.4388,0.5612,non_rider
crops\crop_4500_pair1_p0.75_b0.54.jpg,0.4352,0.5648,non_rider
crops\crop_4501_pair0_p0.76_b0.69.jpg,0.4289,0.5711,non_rider
crops\crop_4501_pair1_p0.71_b0.72.jpg,0.4406,0.5594,non_rider
crops\crop_4502_pair0_p0.78_b0.70.jpg,0.4397,0.5603,non_rider
crops\crop_4503_pair0_p0.81_b0.63.jpg,0.4409,0.5591,non_rider
crops\crop_4504_pair0_p0.76_b0.64.jpg,0.4400,0.5600,non_rider
crops\crop_4504_pair1_p0.66_b0.57.jpg,0.4356,0.5644,non_rider
crops\crop_4505_pair0_p0.78_b0.61.jpg,0.4401,0.5599,non_rider
crops\crop_4505_pair1_p0.74_b0.56.jpg,0.4360,0.5640,non_rider
crops\crop_4506_pair0_p0.79_b0.49.jpg,0.4404,0.5596,non_rider
crops\crop_4506_pair1_p0.72_b0.55.jpg,0.4371,0.5629,non_rider
crops\crop_4508_pair0_p0.79_b0.39.jpg,0.4371,0.5629,non_rider
crops\crop_4508_pair1_p0.74_b0.51.jpg,0.4412,0.5588,non_rider
crops\crop_4509_pair0_p0.80_b0.43.jpg,0.4310,0.5690,non_rider
crops\crop_4510_pair0_p0.78_b0.39.jpg,0.4274,0.5726,non_rider
crops\crop_4511_pair0_p0.80_b0.50.jpg,0.4245,0.5755,non_rider
crops\crop_4512_pair0_p0.77_b0.54.jpg,0.4310,0.5690,non_rider
crops\crop_4513_pair0_p0.71_b0.71.jpg,0.4327,0.5673,non_rider
crops\crop_4516_pair0_p0.81_b0.64.jpg,0.4353,0.5647,non_rider
crops\crop_4517_pair0_p0.93_b0.73.jpg,0.4360,0.5640,non_rider
crops\crop_4518_pair0_p0.93_b0.77.jpg,0.4367,0.5633,non_rider
crops\crop_4519_pair0_p0.93_b0.74.jpg,0.4360,0.5640,non_rider
crops\crop_4520_pair0_p0.94_b0.75.jpg,0.4357,0.5643,non_rider
crops\crop_4521_pair0_p0.93_b0.81.jpg,0.4363,0.5637,non_rider
crops\crop_4522_pair0_p0.93_b0.76.jpg,0.4357,0.5643,non_rider
crops\crop_4523_pair0_p0.93_b0.65.jpg,0.4361,0.5639,non_rider
crops\crop_4524_pair0_p0.93_b0.73.jpg,0.4355,0.5645,non_rider
crops\crop_4525_pair0_p0.92_b0.72.jpg,0.4347,0.5653,non_rider
crops\crop_4526_pair0_p0.92_b0.67.jpg,0.4366,0.5634,non_rider
crops\crop_4527_pair0_p0.92_b0.60.jpg,0.4363,0.5637,non_rider
crops\crop_4528_pair0_p0.92_b0.61.jpg,0.4365,0.5635,non_rider
crops\crop_4529_pair0_p0.92_b0.57.jpg,0.4354,0.5646,non_rider
crops\crop_4530_pair0_p0.92_b0.79.jpg,0.4350,0.5650,non_rider
crops\crop_4531_pair0_p0.93_b0.48.jpg,0.4357,0.5643,non_rider
crops\crop_4532_pair0_p0.93_b0.66.jpg,0.4354,0.5646,non_rider
crops\crop_4534_pair0_p0.93_b0.76.jpg,0.4342,0.5658,non_rider
crops\crop_4535_pair0_p0.92_b0.78.jpg,0.4347,0.5653,non_rider
crops\crop_4536_pair0_p0.88_b0.72.jpg,0.4369,0.5631,non_rider
crops\crop_4537_pair0_p0.89_b0.64.jpg,0.4373,0.5627,non_rider
crops\crop_4538_pair0_p0.86_b0.73.jpg,0.4363,0.5637,non_rider
crops\crop_4540_pair0_p0.89_b0.71.jpg,0.4376,0.5624,non_rider
crops\crop_4541_pair0_p0.92_b0.82.jpg,0.4370,0.5630,non_rider
crops\crop_4542_pair0_p0.92_b0.80.jpg,0.4361,0.5639,non_rider
crops\crop_4543_pair0_p0.93_b0.74.jpg,0.4369,0.5631,non_rider
crops\crop_4544_pair0_p0.90_b0.72.jpg,0.4369,0.5631,non_rider
crops\crop_4545_pair0_p0.89_b0.65.jpg,0.4375,0.5625,non_rider
crops\crop_4546_pair0_p0.90_b0.62.jpg,0.4373,0.5627,non_rider
crops\crop_4547_pair0_p0.89_b0.60.jpg,0.4365,0.5635,non_rider
crops\crop_4549_pair0_p0.76_b0.66.jpg,0.4387,0.5613,non_rider
crops\crop_4550_pair0_p0.50_b0.81.jpg,0.4342,0.5658,non_rider
crops\crop_4551_pair0_p0.71_b0.68.jpg,0.4381,0.5619,non_rider
crops\crop_4552_pair0_p0.75_b0.70.jpg,0.4382,0.5618,non_rider
crops\crop_4554_pair0_p0.65_b0.67.jpg,0.4312,0.5688,non_rider
crops\crop_4556_pair0_p0.39_b0.77.jpg,0.4426,0.5574,non_rider
crops\crop_4557_pair0_p0.77_b0.46.jpg,0.4306,0.5694,non_rider
crops\crop_4557_pair1_p0.71_b0.81.jpg,0.4320,0.5680,non_rider
crops\crop_4558_pair0_p0.83_b0.59.jpg,0.4324,0.5676,non_rider
crops\crop_4558_pair1_p0.59_b0.33.jpg,0.4319,0.5681,non_rider
crops\crop_4559_pair0_p0.74_b0.28.jpg,0.4271,0.5729,non_rider
crops\crop_4559_pair1_p0.64_b0.35.jpg,0.4318,0.5682,non_rider
crops\crop_4559_pair2_p0.57_b0.32.jpg,0.4392,0.5608,non_rider
crops\crop_4560_pair0_p0.69_b0.48.jpg,0.4403,0.5597,non_rider
crops\crop_4560_pair1_p0.56_b0.33.jpg,0.4317,0.5683,non_rider
crops\crop_4562_pair0_p0.66_b0.34.jpg,0.4291,0.5709,non_rider
crops\crop_4563_pair0_p0.52_b0.49.jpg,0.4394,0.5606,non_rider
crops\crop_4564_pair0_p0.56_b0.39.jpg,0.4332,0.5668,non_rider
crops\crop_4565_pair0_p0.72_b0.56.jpg,0.4405,0.5595,non_rider
crops\crop_4566_pair0_p0.78_b0.51.jpg,0.4392,0.5608,non_rider
crops\crop_4566_pair1_p0.40_b0.26.jpg,0.4304,0.5696,non_rider
crops\crop_4567_pair0_p0.50_b0.48.jpg,0.4302,0.5698,non_rider
crops\crop_4569_pair0_p0.40_b0.60.jpg,0.4321,0.5679,non_rider
crops\crop_4570_pair0_p0.91_b0.69.jpg,0.4396,0.5604,non_rider
crops\crop_4571_pair0_p0.67_b0.29.jpg,0.4299,0.5701,non_rider
crops\crop_4576_pair0_p0.72_b0.64.jpg,0.4290,0.5710,non_rider
crops\crop_4577_pair0_p0.75_b0.62.jpg,0.4253,0.5747,non_rider
crops\crop_4578_pair0_p0.66_b0.65.jpg,0.4330,0.5670,non_rider
crops\crop_4578_pair1_p0.49_b0.46.jpg,0.4310,0.5690,non_rider
crops\crop_4579_pair0_p0.73_b0.49.jpg,0.4287,0.5713,non_rider
crops\crop_4579_pair1_p0.73_b0.63.jpg,0.4282,0.5718,non_rider
crops\crop_4580_pair0_p0.76_b0.48.jpg,0.4285,0.5715,non_rider
crops\crop_4580_pair1_p0.67_b0.54.jpg,0.4292,0.5708,non_rider
crops\crop_4581_pair0_p0.75_b0.54.jpg,0.4416,0.5584,non_rider
crops\crop_4584_pair0_p0.73_b0.61.jpg,0.4394,0.5606,non_rider
crops\crop_4585_pair0_p0.88_b0.65.jpg,0.4410,0.5590,non_rider
crops\crop_4588_pair0_p0.87_b0.71.jpg,0.4375,0.5625,non_rider
crops\crop_4588_pair1_p0.47_b0.36.jpg,0.4332,0.5668,non_rider
crops\crop_4589_pair0_p0.77_b0.68.jpg,0.4358,0.5642,non_rider
crops\crop_4589_pair1_p0.76_b0.72.jpg,0.4369,0.5631,non_rider
crops\crop_4589_pair2_p0.73_b0.42.jpg,0.4392,0.5608,non_rider
crops\crop_4589_pair3_p0.61_b0.45.jpg,0.4285,0.5715,non_rider
crops\crop_4590_pair0_p0.74_b0.69.jpg,0.4402,0.5598,non_rider
crops\crop_4593_pair0_p0.87_b0.51.jpg,0.4379,0.5621,non_rider
crops\crop_4593_pair1_p0.87_b0.30.jpg,0.4398,0.5602,non_rider
crops\crop_4593_pair2_p0.82_b0.54.jpg,0.4346,0.5654,non_rider
crops\crop_4593_pair3_p0.69_b0.38.jpg,0.4275,0.5725,non_rider
crops\crop_4594_pair0_p0.89_b0.88.jpg,0.4382,0.5618,non_rider
crops\crop_4594_pair1_p0.80_b0.62.jpg,0.4343,0.5657,non_rider
crops\crop_4599_pair0_p0.90_b0.59.jpg,0.4421,0.5579,non_rider
crops\crop_4600_pair0_p0.83_b0.76.jpg,0.4374,0.5626,non_rider
crops\crop_4600_pair1_p0.79_b0.56.jpg,0.4265,0.5735,non_rider
crops\crop_4602_pair0_p0.85_b0.73.jpg,0.4390,0.5610,non_rider
crops\crop_4602_pair1_p0.81_b0.51.jpg,0.4274,0.5726,non_rider
crops\crop_4604_pair0_p0.83_b0.49.jpg,0.4263,0.5737,non_rider
crops\crop_4605_pair0_p0.87_b0.66.jpg,0.4401,0.5599,non_rider
crops\crop_4605_pair1_p0.81_b0.43.jpg,0.4264,0.5736,non_rider
crops\crop_4606_pair0_p0.79_b0.53.jpg,0.4303,0.5697,non_rider
crops\crop_4610_pair0_p0.81_b0.65.jpg,0.4398,0.5602,non_rider
crops\crop_4612_pair0_p0.40_b0.34.jpg,0.4311,0.5689,non_rider
crops\crop_4615_pair0_p0.80_b0.51.jpg,0.4321,0.5679,non_rider
crops\crop_4618_pair0_p0.61_b0.48.jpg,0.4315,0.5685,non_rider
crops\crop_4619_pair0_p0.67_b0.73.jpg,0.4356,0.5644,non_rider
crops\crop_4620_pair0_p0.62_b0.40.jpg,0.4306,0.5694,non_rider
crops\crop_4621_pair0_p0.76_b0.52.jpg,0.4414,0.5586,non_rider
crops\crop_4623_pair0_p0.87_b0.71.jpg,0.4415,0.5585,non_rider
crops\crop_4623_pair1_p0.79_b0.77.jpg,0.4387,0.5613,non_rider
crops\crop_4625_pair0_p0.88_b0.74.jpg,0.4412,0.5588,non_rider
crops\crop_4626_pair0_p0.85_b0.70.jpg,0.4410,0.5590,non_rider
crops\crop_4627_pair0_p0.87_b0.70.jpg,0.4424,0.5576,non_rider
crops\crop_4628_pair0_p0.47_b0.30.jpg,0.4322,0.5678,non_rider
crops\crop_4629_pair0_p0.81_b0.68.jpg,0.4348,0.5652,non_rider
crops\crop_4629_pair1_p0.49_b0.50.jpg,0.4366,0.5634,non_rider
crops\crop_4631_pair0_p0.81_b0.66.jpg,0.4309,0.5691,non_rider
crops\crop_4631_pair1_p0.68_b0.72.jpg,0.4366,0.5634,non_rider
crops\crop_4632_pair0_p0.79_b0.65.jpg,0.4349,0.5651,non_rider
crops\crop_4632_pair1_p0.62_b0.76.jpg,0.4350,0.5650,non_rider
crops\crop_4633_pair0_p0.78_b0.81.jpg,0.4297,0.5703,non_rider
crops\crop_4635_pair0_p0.65_b0.34.jpg,0.4394,0.5606,non_rider
crops\crop_4636_pair0_p0.67_b0.45.jpg,0.4405,0.5595,non_rider
crops\crop_4639_pair0_p0.59_b0.59.jpg,0.4419,0.5581,non_rider
crops\crop_4640_pair0_p0.83_b0.37.jpg,0.4431,0.5569,non_rider
crops\crop_4640_pair1_p0.62_b0.48.jpg,0.4407,0.5593,non_rider
crops\crop_4641_pair0_p0.71_b0.49.jpg,0.4371,0.5629,non_rider
crops\crop_4642_pair0_p0.55_b0.52.jpg,0.4390,0.5610,non_rider
crops\crop_4649_pair0_p0.82_b0.45.jpg,0.4372,0.5628,non_rider
crops\crop_4650_pair0_p0.84_b0.53.jpg,0.4379,0.5621,non_rider
crops\crop_4651_pair0_p0.88_b0.49.jpg,0.4389,0.5611,non_rider
crops\crop_4651_pair1_p0.71_b0.28.jpg,0.4330,0.5670,non_rider
crops\crop_4652_pair0_p0.82_b0.59.jpg,0.4372,0.5628,non_rider
crops\crop_4653_pair0_p0.86_b0.56.jpg,0.4380,0.5620,non_rider
crops\crop_4653_pair1_p0.76_b0.27.jpg,0.4347,0.5653,non_rider
crops\crop_4654_pair0_p0.89_b0.47.jpg,0.4421,0.5579,non_rider
crops\crop_4654_pair1_p0.82_b0.51.jpg,0.4371,0.5629,non_rider
crops\crop_4655_pair0_p0.84_b0.78.jpg,0.4394,0.5606,non_rider
crops\crop_4656_pair0_p0.90_b0.84.jpg,0.4405,0.5595,non_rider
crops\crop_4657_pair0_p0.89_b0.89.jpg,0.4389,0.5611,non_rider
crops\crop_4657_pair1_p0.60_b0.68.jpg,0.4395,0.5605,non_rider
crops\crop_4658_pair0_p0.87_b0.89.jpg,0.4402,0.5598,non_rider
crops\crop_4658_pair1_p0.59_b0.76.jpg,0.4391,0.5609,non_rider
crops\crop_4660_pair0_p0.75_b0.56.jpg,0.4312,0.5688,non_rider
crops\crop_4660_pair1_p0.61_b0.70.jpg,0.4361,0.5639,non_rider
crops\crop_4661_pair0_p0.80_b0.66.jpg,0.4337,0.5663,non_rider
crops\crop_4661_pair1_p0.67_b0.47.jpg,0.4308,0.5692,non_rider
crops\crop_4662_pair0_p0.79_b0.60.jpg,0.4342,0.5658,non_rider
crops\crop_4662_pair1_p0.78_b0.46.jpg,0.4305,0.5695,non_rider
crops\crop_4664_pair0_p0.83_b0.46.jpg,0.4265,0.5735,non_rider
crops\crop_4664_pair1_p0.79_b0.69.jpg,0.4367,0.5633,non_rider
crops\crop_4665_pair0_p0.83_b0.43.jpg,0.4280,0.5720,non_rider
crops\crop_4665_pair1_p0.80_b0.67.jpg,0.4321,0.5679,non_rider
crops\crop_4668_pair0_p0.77_b0.59.jpg,0.4302,0.5698,non_rider
crops\crop_4668_pair1_p0.73_b0.42.jpg,0.4325,0.5675,non_rider
crops\crop_4670_pair0_p0.82_b0.52.jpg,0.4289,0.5711,non_rider
crops\crop_4670_pair1_p0.69_b0.34.jpg,0.4334,0.5666,non_rider
crops\crop_4672_pair0_p0.78_b0.61.jpg,0.4324,0.5676,non_rider
crops\crop_4673_pair0_p0.76_b0.59.jpg,0.4329,0.5671,non_rider
crops\crop_4674_pair0_p0.75_b0.62.jpg,0.4313,0.5687,non_rider
crops\crop_4676_pair0_p0.61_b0.55.jpg,0.4337,0.5663,non_rider
crops\crop_4677_pair0_p0.53_b0.53.jpg,0.4319,0.5681,non_rider
crops\crop_4678_pair0_p0.62_b0.62.jpg,0.4311,0.5689,non_rider
crops\crop_4681_pair0_p0.66_b0.49.jpg,0.4316,0.5684,non_rider
crops\crop_4683_pair0_p0.73_b0.46.jpg,0.4306,0.5694,non_rider
crops\crop_4684_pair0_p0.73_b0.50.jpg,0.4288,0.5712,non_rider
crops\crop_4686_pair0_p0.79_b0.65.jpg,0.4411,0.5589,non_rider
crops\crop_4686_pair1_p0.79_b0.25.jpg,0.4281,0.5719,non_rider
crops\crop_4688_pair0_p0.80_b0.53.jpg,0.4304,0.5696,non_rider
crops\crop_4690_pair0_p0.94_b0.56.jpg,0.4422,0.5578,non_rider
crops\crop_4691_pair0_p0.90_b0.36.jpg,0.4413,0.5587,non_rider
crops\crop_4693_pair0_p0.90_b0.56.jpg,0.4422,0.5578,non_rider
crops\crop_4695_pair0_p0.77_b0.44.jpg,0.4345,0.5655,non_rider
crops\crop_4697_pair0_p0.86_b0.56.jpg,0.4379,0.5621,non_rider
crops\crop_4698_pair0_p0.92_b0.74.jpg,0.4427,0.5573,non_rider
crops\crop_46_pair0_p0.72_b0.69.jpg,0.4301,0.5699,non_rider
crops\crop_4702_pair0_p0.71_b0.79.jpg,0.4391,0.5609,non_rider
crops\crop_4703_pair0_p0.84_b0.84.jpg,0.4399,0.5601,non_rider
crops\crop_4704_pair0_p0.86_b0.81.jpg,0.4388,0.5612,non_rider
crops\crop_4704_pair1_p0.85_b0.86.jpg,0.4385,0.5615,non_rider
crops\crop_4705_pair0_p0.88_b0.77.jpg,0.4397,0.5603,non_rider
crops\crop_4705_pair1_p0.77_b0.83.jpg,0.4403,0.5597,non_rider
crops\crop_4709_pair0_p0.71_b0.44.jpg,0.4360,0.5640,non_rider
crops\crop_4710_pair0_p0.76_b0.40.jpg,0.4320,0.5680,non_rider
crops\crop_4711_pair0_p0.77_b0.38.jpg,0.4321,0.5679,non_rider
crops\crop_4711_pair1_p0.75_b0.38.jpg,0.4272,0.5728,non_rider
crops\crop_4712_pair0_p0.76_b0.28.jpg,0.4317,0.5683,non_rider
crops\crop_4712_pair1_p0.73_b0.30.jpg,0.4256,0.5744,non_rider
crops\crop_4713_pair0_p0.72_b0.44.jpg,0.4271,0.5729,non_rider
crops\crop_4714_pair0_p0.76_b0.36.jpg,0.4319,0.5681,non_rider
crops\crop_4714_pair1_p0.75_b0.50.jpg,0.4296,0.5704,non_rider
crops\crop_4715_pair0_p0.75_b0.46.jpg,0.4294,0.5706,non_rider
crops\crop_4718_pair0_p0.71_b0.45.jpg,0.4294,0.5706,non_rider
crops\crop_4722_pair0_p0.73_b0.29.jpg,0.4410,0.5590,non_rider
crops\crop_4722_pair1_p0.73_b0.51.jpg,0.4328,0.5672,non_rider
crops\crop_4722_pair2_p0.58_b0.41.jpg,0.4316,0.5684,non_rider
crops\crop_4723_pair0_p0.75_b0.50.jpg,0.4300,0.5700,non_rider
crops\crop_4723_pair1_p0.62_b0.27.jpg,0.4290,0.5710,non_rider
crops\crop_4724_pair0_p0.77_b0.59.jpg,0.4306,0.5694,non_rider
crops\crop_4724_pair1_p0.54_b0.47.jpg,0.4319,0.5681,non_rider
crops\crop_4725_pair0_p0.80_b0.43.jpg,0.4301,0.5699,non_rider
crops\crop_4725_pair1_p0.57_b0.39.jpg,0.4323,0.5677,non_rider
crops\crop_4726_pair0_p0.83_b0.53.jpg,0.4299,0.5701,non_rider
crops\crop_4726_pair1_p0.64_b0.43.jpg,0.4297,0.5703,non_rider
crops\crop_4727_pair0_p0.79_b0.53.jpg,0.4298,0.5702,non_rider
crops\crop_4727_pair1_p0.53_b0.36.jpg,0.4298,0.5702,non_rider
crops\crop_4728_pair0_p0.82_b0.43.jpg,0.4327,0.5673,non_rider
crops\crop_4728_pair1_p0.60_b0.25.jpg,0.4295,0.5705,non_rider
crops\crop_4729_pair0_p0.62_b0.29.jpg,0.4294,0.5706,non_rider
crops\crop_4729_pair1_p0.59_b0.33.jpg,0.4309,0.5691,non_rider
crops\crop_4730_pair0_p0.78_b0.38.jpg,0.4309,0.5691,non_rider
crops\crop_4732_pair0_p0.59_b0.37.jpg,0.4311,0.5689,non_rider
crops\crop_4733_pair0_p0.68_b0.32.jpg,0.4288,0.5712,non_rider
crops\crop_4735_pair0_p0.73_b0.61.jpg,0.4298,0.5702,non_rider
crops\crop_4736_pair0_p0.62_b0.38.jpg,0.4350,0.5650,non_rider
crops\crop_4738_pair0_p0.60_b0.71.jpg,0.4328,0.5672,non_rider
crops\crop_4740_pair0_p0.80_b0.63.jpg,0.4340,0.5660,non_rider
crops\crop_4740_pair1_p0.53_b0.34.jpg,0.4339,0.5661,non_rider
crops\crop_4741_pair0_p0.83_b0.67.jpg,0.4384,0.5616,non_rider
crops\crop_4742_pair0_p0.85_b0.52.jpg,0.4385,0.5615,non_rider
crops\crop_4742_pair1_p0.63_b0.29.jpg,0.4334,0.5666,non_rider
crops\crop_4745_pair0_p0.86_b0.36.jpg,0.4378,0.5622,non_rider
crops\crop_4748_pair0_p0.68_b0.28.jpg,0.4341,0.5659,non_rider
crops\crop_4750_pair0_p0.66_b0.32.jpg,0.4337,0.5663,non_rider
crops\crop_4755_pair0_p0.67_b0.47.jpg,0.4353,0.5647,non_rider
crops\crop_4755_pair1_p0.61_b0.46.jpg,0.4414,0.5586,non_rider
crops\crop_4755_pair2_p0.49_b0.46.jpg,0.4381,0.5619,non_rider
crops\crop_4755_pair3_p0.49_b0.28.jpg,0.4350,0.5650,non_rider
crops\crop_4756_pair0_p0.73_b0.37.jpg,0.4376,0.5624,non_rider
crops\crop_4756_pair1_p0.60_b0.38.jpg,0.4379,0.5621,non_rider
crops\crop_4756_pair2_p0.54_b0.38.jpg,0.4382,0.5618,non_rider
crops\crop_4756_pair3_p0.54_b0.34.jpg,0.4340,0.5660,non_rider
crops\crop_4757_pair0_p0.72_b0.34.jpg,0.4372,0.5628,non_rider
crops\crop_4757_pair1_p0.66_b0.31.jpg,0.4369,0.5631,non_rider
crops\crop_4757_pair2_p0.66_b0.29.jpg,0.4385,0.5615,non_rider
crops\crop_4757_pair3_p0.55_b0.31.jpg,0.4379,0.5621,non_rider
crops\crop_4757_pair4_p0.55_b0.29.jpg,0.4377,0.5623,non_rider
crops\crop_4761_pair0_p0.75_b0.45.jpg,0.4382,0.5618,non_rider
crops\crop_4761_pair1_p0.73_b0.85.jpg,0.4343,0.5657,non_rider
crops\crop_4762_pair0_p0.84_b0.36.jpg,0.4357,0.5643,non_rider
crops\crop_4762_pair1_p0.78_b0.73.jpg,0.4347,0.5653,non_rider
crops\crop_4763_pair0_p0.81_b0.75.jpg,0.4341,0.5659,non_rider
crops\crop_4764_pair0_p0.76_b0.77.jpg,0.4379,0.5621,non_rider
crops\crop_4765_pair0_p0.75_b0.52.jpg,0.4410,0.5590,non_rider
crops\crop_4765_pair1_p0.75_b0.85.jpg,0.4393,0.5607,non_rider
crops\crop_4766_pair0_p0.80_b0.79.jpg,0.4397,0.5603,non_rider
crops\crop_4766_pair1_p0.73_b0.40.jpg,0.4354,0.5646,non_rider
crops\crop_4767_pair0_p0.85_b0.81.jpg,0.4395,0.5605,non_rider
crops\crop_4769_pair0_p0.79_b0.42.jpg,0.4297,0.5703,non_rider
crops\crop_4770_pair0_p0.74_b0.66.jpg,0.4330,0.5670,non_rider
crops\crop_4770_pair1_p0.58_b0.57.jpg,0.4298,0.5702,non_rider
crops\crop_4771_pair0_p0.82_b0.86.jpg,0.4380,0.5620,non_rider
crops\crop_4771_pair1_p0.55_b0.40.jpg,0.4298,0.5702,non_rider
crops\crop_4772_pair0_p0.76_b0.84.jpg,0.4377,0.5623,non_rider
crops\crop_4772_pair1_p0.71_b0.37.jpg,0.4272,0.5728,non_rider
crops\crop_4773_pair0_p0.81_b0.80.jpg,0.4319,0.5681,non_rider
crops\crop_4773_pair1_p0.61_b0.42.jpg,0.4265,0.5735,non_rider
crops\crop_4776_pair0_p0.68_b0.62.jpg,0.4401,0.5599,non_rider
crops\crop_4777_pair0_p0.67_b0.34.jpg,0.4303,0.5697,non_rider
crops\crop_4778_pair0_p0.71_b0.56.jpg,0.4283,0.5717,non_rider
crops\crop_4781_pair0_p0.75_b0.52.jpg,0.4284,0.5716,non_rider
crops\crop_4782_pair0_p0.75_b0.57.jpg,0.4293,0.5707,non_rider
crops\crop_4782_pair1_p0.67_b0.56.jpg,0.4404,0.5596,non_rider
crops\crop_4783_pair0_p0.71_b0.49.jpg,0.4302,0.5698,non_rider
crops\crop_4784_pair0_p0.71_b0.43.jpg,0.4316,0.5684,non_rider
crops\crop_4785_pair0_p0.78_b0.82.jpg,0.4414,0.5586,non_rider
crops\crop_4785_pair1_p0.61_b0.35.jpg,0.4284,0.5716,non_rider
crops\crop_4786_pair0_p0.72_b0.83.jpg,0.4393,0.5607,non_rider
crops\crop_4786_pair1_p0.54_b0.47.jpg,0.4274,0.5726,non_rider
crops\crop_4787_pair0_p0.55_b0.45.jpg,0.4294,0.5706,non_rider
crops\crop_4788_pair0_p0.53_b0.44.jpg,0.4294,0.5706,non_rider
crops\crop_4790_pair0_p0.73_b0.30.jpg,0.4271,0.5729,non_rider
crops\crop_4793_pair0_p0.83_b0.47.jpg,0.4335,0.5665,non_rider
crops\crop_4794_pair0_p0.79_b0.37.jpg,0.4346,0.5654,non_rider
crops\crop_4795_pair0_p0.47_b0.40.jpg,0.4394,0.5606,non_rider
crops\crop_4800_pair0_p0.74_b0.63.jpg,0.4322,0.5678,non_rider
crops\crop_4801_pair0_p0.77_b0.63.jpg,0.4326,0.5674,non_rider
crops\crop_4802_pair0_p0.77_b0.54.jpg,0.4255,0.5745,non_rider
crops\crop_4802_pair1_p0.73_b0.61.jpg,0.4301,0.5699,non_rider
crops\crop_4804_pair0_p0.84_b0.33.jpg,0.4304,0.5696,non_rider
crops\crop_4805_pair0_p0.81_b0.27.jpg,0.4301,0.5699,non_rider
crops\crop_4807_pair0_p0.87_b0.78.jpg,0.4412,0.5588,non_rider
crops\crop_4809_pair0_p0.80_b0.65.jpg,0.4338,0.5662,non_rider
crops\crop_4809_pair1_p0.62_b0.30.jpg,0.4248,0.5752,non_rider
crops\crop_4812_pair0_p0.59_b0.37.jpg,0.4334,0.5666,non_rider
crops\crop_4812_pair1_p0.39_b0.31.jpg,0.4261,0.5739,non_rider
crops\crop_4813_pair0_p0.77_b0.86.jpg,0.4386,0.5614,non_rider
crops\crop_4814_pair0_p0.58_b0.43.jpg,0.4408,0.5592,non_rider
crops\crop_4814_pair1_p0.26_b0.42.jpg,0.4409,0.5591,non_rider
crops\crop_4815_pair0_p0.35_b0.57.jpg,0.4397,0.5603,non_rider
crops\crop_4816_pair0_p0.67_b0.62.jpg,0.4351,0.5649,non_rider
crops\crop_4816_pair1_p0.55_b0.57.jpg,0.4401,0.5599,non_rider
crops\crop_4817_pair0_p0.76_b0.60.jpg,0.4376,0.5624,non_rider
crops\crop_4817_pair1_p0.26_b0.78.jpg,0.4348,0.5652,non_rider
crops\crop_4818_pair0_p0.78_b0.31.jpg,0.4393,0.5607,non_rider
crops\crop_4821_pair0_p0.51_b0.39.jpg,0.4300,0.5700,non_rider
crops\crop_4824_pair0_p0.49_b0.26.jpg,0.4288,0.5712,non_rider
crops\crop_4825_pair0_p0.69_b0.48.jpg,0.4348,0.5652,non_rider
crops\crop_4829_pair0_p0.79_b0.54.jpg,0.4301,0.5699,non_rider
crops\crop_4829_pair1_p0.66_b0.69.jpg,0.4347,0.5653,non_rider
crops\crop_4831_pair0_p0.81_b0.42.jpg,0.4279,0.5721,non_rider
crops\crop_4831_pair1_p0.59_b0.71.jpg,0.4337,0.5663,non_rider
crops\crop_4836_pair0_p0.84_b0.63.jpg,0.4387,0.5613,non_rider
crops\crop_4837_pair0_p0.87_b0.69.jpg,0.4377,0.5623,non_rider
crops\crop_4837_pair1_p0.69_b0.55.jpg,0.4312,0.5688,non_rider
crops\crop_4838_pair0_p0.79_b0.62.jpg,0.4360,0.5640,non_rider
crops\crop_4839_pair0_p0.80_b0.68.jpg,0.4367,0.5633,non_rider
crops\crop_4840_pair0_p0.78_b0.62.jpg,0.4363,0.5637,non_rider
crops\crop_4840_pair1_p0.65_b0.51.jpg,0.4317,0.5683,non_rider
crops\crop_4841_pair0_p0.71_b0.57.jpg,0.4366,0.5634,non_rider
crops\crop_4842_pair0_p0.83_b0.45.jpg,0.4384,0.5616,non_rider
crops\crop_4843_pair0_p0.65_b0.44.jpg,0.4276,0.5724,non_rider
crops\crop_4843_pair1_p0.58_b0.31.jpg,0.4349,0.5651,non_rider
crops\crop_4844_pair0_p0.68_b0.35.jpg,0.4358,0.5642,non_rider
crops\crop_4844_pair1_p0.59_b0.48.jpg,0.4301,0.5699,non_rider
crops\crop_4846_pair0_p0.88_b0.44.jpg,0.4399,0.5601,non_rider
crops\crop_4846_pair1_p0.83_b0.70.jpg,0.4409,0.5591,non_rider
crops\crop_4848_pair0_p0.77_b0.48.jpg,0.4394,0.5606,non_rider
crops\crop_4850_pair0_p0.72_b0.45.jpg,0.4337,0.5663,non_rider
crops\crop_4851_pair0_p0.80_b0.52.jpg,0.4404,0.5596,non_rider
crops\crop_4851_pair1_p0.62_b0.50.jpg,0.4409,0.5591,non_rider
crops\crop_4852_pair0_p0.77_b0.40.jpg,0.4353,0.5647,non_rider
crops\crop_4853_pair0_p0.77_b0.31.jpg,0.4421,0.5579,non_rider
crops\crop_4854_pair0_p0.77_b0.40.jpg,0.4420,0.5580,non_rider
crops\crop_4855_pair0_p0.72_b0.29.jpg,0.4410,0.5590,non_rider
crops\crop_4857_pair0_p0.67_b0.27.jpg,0.4422,0.5578,non_rider
crops\crop_4859_pair0_p0.62_b0.40.jpg,0.4386,0.5614,non_rider
crops\crop_4861_pair0_p0.80_b0.47.jpg,0.4380,0.5620,non_rider
crops\crop_4861_pair1_p0.43_b0.57.jpg,0.4317,0.5683,non_rider
crops\crop_4862_pair0_p0.77_b0.44.jpg,0.4366,0.5634,non_rider
crops\crop_4862_pair1_p0.47_b0.26.jpg,0.4307,0.5693,non_rider
crops\crop_4864_pair0_p0.81_b0.66.jpg,0.4343,0.5657,non_rider
crops\crop_4865_pair0_p0.72_b0.31.jpg,0.4324,0.5676,non_rider
crops\crop_4865_pair1_p0.41_b0.56.jpg,0.4317,0.5683,non_rider
crops\crop_4866_pair0_p0.76_b0.50.jpg,0.4295,0.5705,non_rider
crops\crop_4866_pair1_p0.52_b0.55.jpg,0.4288,0.5712,non_rider
crops\crop_4867_pair0_p0.63_b0.36.jpg,0.4298,0.5702,non_rider
crops\crop_4867_pair1_p0.55_b0.80.jpg,0.4329,0.5671,non_rider
crops\crop_4869_pair0_p0.81_b0.61.jpg,0.4338,0.5662,non_rider
crops\crop_4869_pair1_p0.56_b0.38.jpg,0.4316,0.5684,non_rider
crops\crop_4870_pair0_p0.75_b0.51.jpg,0.4303,0.5697,non_rider
crops\crop_4870_pair1_p0.57_b0.69.jpg,0.4354,0.5646,non_rider
crops\crop_4871_pair0_p0.57_b0.74.jpg,0.4324,0.5676,non_rider
crops\crop_4872_pair0_p0.77_b0.68.jpg,0.4310,0.5690,non_rider
crops\crop_4872_pair1_p0.51_b0.38.jpg,0.4308,0.5692,non_rider
crops\crop_4873_pair0_p0.72_b0.70.jpg,0.4332,0.5668,non_rider
crops\crop_4873_pair1_p0.60_b0.26.jpg,0.4319,0.5681,non_rider
crops\crop_4874_pair0_p0.68_b0.76.jpg,0.4301,0.5699,non_rider
crops\crop_4877_pair0_p0.64_b0.36.jpg,0.4351,0.5649,non_rider
crops\crop_4877_pair1_p0.59_b0.38.jpg,0.4346,0.5654,non_rider
crops\crop_4877_pair2_p0.43_b0.85.jpg,0.4344,0.5656,non_rider
crops\crop_4878_pair0_p0.73_b0.65.jpg,0.4318,0.5682,non_rider
crops\crop_4878_pair1_p0.61_b0.38.jpg,0.4334,0.5666,non_rider
crops\crop_4878_pair2_p0.54_b0.73.jpg,0.4335,0.5665,non_rider
crops\crop_4880_pair0_p0.78_b0.65.jpg,0.4338,0.5662,non_rider
crops\crop_4880_pair1_p0.71_b0.73.jpg,0.4314,0.5686,non_rider
crops\crop_4880_pair2_p0.59_b0.39.jpg,0.4335,0.5665,non_rider
crops\crop_4881_pair0_p0.83_b0.52.jpg,0.4289,0.5711,non_rider
crops\crop_4882_pair0_p0.73_b0.56.jpg,0.4280,0.5720,non_rider
crops\crop_4882_pair1_p0.60_b0.35.jpg,0.4296,0.5704,non_rider
crops\crop_4883_pair0_p0.81_b0.55.jpg,0.4313,0.5687,non_rider
crops\crop_4883_pair1_p0.59_b0.41.jpg,0.4289,0.5711,non_rider
crops\crop_4884_pair0_p0.83_b0.57.jpg,0.4329,0.5671,non_rider
crops\crop_4884_pair1_p0.66_b0.33.jpg,0.4288,0.5712,non_rider
crops\crop_4885_pair0_p0.81_b0.57.jpg,0.4312,0.5688,non_rider
crops\crop_4885_pair1_p0.71_b0.35.jpg,0.4316,0.5684,non_rider
crops\crop_4886_pair0_p0.83_b0.50.jpg,0.4308,0.5692,non_rider
crops\crop_4886_pair1_p0.77_b0.39.jpg,0.4291,0.5709,non_rider
crops\crop_4887_pair0_p0.84_b0.57.jpg,0.4339,0.5661,non_rider
crops\crop_4887_pair1_p0.79_b0.39.jpg,0.4311,0.5689,non_rider
crops\crop_4892_pair0_p0.80_b0.27.jpg,0.4324,0.5676,non_rider
crops\crop_4894_pair0_p0.47_b0.67.jpg,0.4341,0.5659,non_rider
crops\crop_4895_pair0_p0.68_b0.39.jpg,0.4303,0.5697,non_rider
crops\crop_4896_pair0_p0.81_b0.63.jpg,0.4363,0.5637,non_rider
crops\crop_4897_pair0_p0.80_b0.64.jpg,0.4359,0.5641,non_rider
crops\crop_4897_pair1_p0.66_b0.36.jpg,0.4316,0.5684,non_rider
crops\crop_4898_pair0_p0.61_b0.44.jpg,0.4288,0.5712,non_rider
crops\crop_4899_pair0_p0.78_b0.61.jpg,0.4358,0.5642,non_rider
crops\crop_4899_pair1_p0.67_b0.25.jpg,0.4311,0.5689,non_rider
crops\crop_4900_pair0_p0.66_b0.61.jpg,0.4401,0.5599,non_rider
crops\crop_4900_pair1_p0.59_b0.28.jpg,0.4312,0.5688,non_rider
crops\crop_4902_pair0_p0.78_b0.59.jpg,0.4323,0.5677,non_rider
crops\crop_4905_pair0_p0.75_b0.36.jpg,0.4340,0.5660,non_rider
crops\crop_4907_pair0_p0.65_b0.50.jpg,0.4314,0.5686,non_rider
crops\crop_4908_pair0_p0.71_b0.56.jpg,0.4313,0.5687,non_rider
crops\crop_4909_pair0_p0.72_b0.54.jpg,0.4297,0.5703,non_rider
crops\crop_4910_pair0_p0.73_b0.55.jpg,0.4346,0.5654,non_rider
crops\crop_4910_pair1_p0.72_b0.51.jpg,0.4293,0.5707,non_rider
crops\crop_4911_pair0_p0.77_b0.50.jpg,0.4358,0.5642,non_rider
crops\crop_4911_pair1_p0.72_b0.50.jpg,0.4304,0.5696,non_rider
crops\crop_4912_pair0_p0.75_b0.64.jpg,0.4364,0.5636,non_rider
crops\crop_4912_pair1_p0.73_b0.56.jpg,0.4273,0.5727,non_rider
crops\crop_4913_pair0_p0.80_b0.47.jpg,0.4299,0.5701,non_rider
crops\crop_4913_pair1_p0.76_b0.77.jpg,0.4414,0.5586,non_rider
crops\crop_4914_pair0_p0.89_b0.74.jpg,0.4429,0.5571,non_rider
crops\crop_4915_pair0_p0.71_b0.52.jpg,0.4417,0.5583,non_rider
crops\crop_4916_pair0_p0.83_b0.75.jpg,0.4412,0.5588,non_rider
crops\crop_4916_pair1_p0.67_b0.73.jpg,0.4323,0.5677,non_rider
crops\crop_4917_pair0_p0.74_b0.35.jpg,0.4402,0.5598,non_rider
crops\crop_4917_pair1_p0.73_b0.44.jpg,0.4312,0.5688,non_rider
crops\crop_4918_pair0_p0.78_b0.66.jpg,0.4368,0.5632,non_rider
crops\crop_4918_pair1_p0.75_b0.54.jpg,0.4320,0.5680,non_rider
crops\crop_4920_pair0_p0.77_b0.31.jpg,0.4346,0.5654,non_rider
crops\crop_4920_pair1_p0.73_b0.41.jpg,0.4326,0.5674,non_rider
crops\crop_4921_pair0_p0.76_b0.35.jpg,0.4327,0.5673,non_rider
crops\crop_4921_pair1_p0.68_b0.46.jpg,0.4333,0.5667,non_rider
crops\crop_4922_pair0_p0.77_b0.43.jpg,0.4358,0.5642,non_rider
crops\crop_4922_pair1_p0.66_b0.36.jpg,0.4292,0.5708,non_rider
crops\crop_4924_pair0_p0.68_b0.47.jpg,0.4351,0.5649,non_rider
crops\crop_4925_pair0_p0.93_b0.77.jpg,0.4403,0.5597,non_rider
crops\crop_4926_pair0_p0.85_b0.78.jpg,0.4403,0.5597,non_rider
crops\crop_4933_pair0_p0.76_b0.70.jpg,0.4335,0.5665,non_rider
crops\crop_4945_pair0_p0.43_b0.26.jpg,0.4349,0.5651,non_rider
crops\crop_4946_pair0_p0.50_b0.34.jpg,0.4304,0.5696,non_rider
crops\crop_4952_pair0_p0.78_b0.55.jpg,0.4337,0.5663,non_rider
crops\crop_4959_pair0_p0.89_b0.57.jpg,0.4321,0.5679,non_rider
crops\crop_4960_pair0_p0.89_b0.29.jpg,0.4304,0.5696,non_rider
crops\crop_4964_pair0_p0.82_b0.80.jpg,0.4344,0.5656,non_rider
crops\crop_4966_pair0_p0.79_b0.55.jpg,0.4245,0.5755,non_rider
crops\crop_4967_pair0_p0.75_b0.54.jpg,0.4255,0.5745,non_rider
crops\crop_4969_pair0_p0.78_b0.62.jpg,0.4281,0.5719,non_rider
crops\crop_4971_pair0_p0.82_b0.54.jpg,0.4315,0.5685,non_rider
crops\crop_4972_pair0_p0.88_b0.61.jpg,0.4285,0.5715,non_rider
crops\crop_4973_pair0_p0.87_b0.50.jpg,0.4340,0.5660,non_rider
crops\crop_4974_pair0_p0.85_b0.43.jpg,0.4327,0.5673,non_rider
crops\crop_4976_pair0_p0.38_b0.54.jpg,0.4290,0.5710,non_rider
crops\crop_4977_pair0_p0.75_b0.52.jpg,0.4342,0.5658,non_rider
crops\crop_4978_pair0_p0.86_b0.48.jpg,0.4320,0.5680,non_rider
crops\crop_4979_pair0_p0.82_b0.39.jpg,0.4372,0.5628,non_rider
crops\crop_498_pair0_p0.61_b0.28.jpg,0.4336,0.5664,non_rider
crops\crop_4990_pair0_p0.31_b0.31.jpg,0.4266,0.5734,non_rider
crops\crop_4992_pair0_p0.94_b0.87.jpg,0.4379,0.5621,non_rider
crops\crop_4998_pair0_p0.58_b0.42.jpg,0.4287,0.5713,non_rider
crops\crop_49_pair0_p0.60_b0.55.jpg,0.4317,0.5683,non_rider
crops\crop_4_pair0_p0.64_b0.55.jpg,0.4394,0.5606,non_rider
crops\crop_5000_pair0_p0.79_b0.60.jpg,0.4356,0.5644,non_rider
crops\crop_5001_pair0_p0.85_b0.61.jpg,0.4386,0.5614,non_rider
crops\crop_5001_pair1_p0.50_b0.38.jpg,0.4338,0.5662,non_rider
crops\crop_5002_pair0_p0.84_b0.67.jpg,0.4381,0.5619,non_rider
crops\crop_5002_pair1_p0.57_b0.44.jpg,0.4374,0.5626,non_rider
crops\crop_5003_pair0_p0.89_b0.49.jpg,0.4368,0.5632,non_rider
crops\crop_5003_pair1_p0.78_b0.36.jpg,0.4329,0.5671,non_rider
crops\crop_5003_pair2_p0.75_b0.32.jpg,0.4306,0.5694,non_rider
crops\crop_5003_pair3_p0.53_b0.36.jpg,0.4348,0.5652,non_rider
crops\crop_5004_pair0_p0.73_b0.33.jpg,0.4348,0.5652,non_rider
crops\crop_5006_pair0_p0.47_b0.39.jpg,0.4329,0.5671,non_rider
crops\crop_500_pair0_p0.72_b0.40.jpg,0.4301,0.5699,non_rider
crops\crop_5010_pair0_p0.65_b0.46.jpg,0.4290,0.5710,non_rider
crops\crop_5011_pair0_p0.74_b0.26.jpg,0.4286,0.5714,non_rider
crops\crop_5011_pair1_p0.46_b0.55.jpg,0.4395,0.5605,non_rider
crops\crop_5014_pair0_p0.77_b0.49.jpg,0.4383,0.5617,non_rider
crops\crop_5014_pair1_p0.69_b0.80.jpg,0.4403,0.5597,non_rider
crops\crop_5016_pair0_p0.80_b0.51.jpg,0.4357,0.5643,non_rider
crops\crop_5019_pair0_p0.80_b0.51.jpg,0.4367,0.5633,non_rider
crops\crop_5019_pair1_p0.54_b0.44.jpg,0.4332,0.5668,non_rider
crops\crop_501_pair0_p0.67_b0.34.jpg,0.4306,0.5694,non_rider
crops\crop_5020_pair0_p0.75_b0.52.jpg,0.4361,0.5639,non_rider
crops\crop_5020_pair1_p0.51_b0.51.jpg,0.4310,0.5690,non_rider
crops\crop_5023_pair0_p0.78_b0.44.jpg,0.4336,0.5664,non_rider
crops\crop_5024_pair0_p0.71_b0.50.jpg,0.4318,0.5682,non_rider
crops\crop_5041_pair0_p0.72_b0.41.jpg,0.4304,0.5696,non_rider
crops\crop_5046_pair0_p0.74_b0.51.jpg,0.4304,0.5696,non_rider
crops\crop_5048_pair0_p0.78_b0.54.jpg,0.4314,0.5686,non_rider
crops\crop_504_pair0_p0.28_b0.29.jpg,0.4316,0.5684,non_rider
crops\crop_5050_pair0_p0.72_b0.54.jpg,0.4391,0.5609,non_rider
crops\crop_5053_pair0_p0.82_b0.74.jpg,0.4397,0.5603,non_rider
crops\crop_5054_pair0_p0.89_b0.73.jpg,0.4389,0.5611,non_rider
crops\crop_5058_pair0_p0.73_b0.46.jpg,0.4310,0.5690,non_rider
crops\crop_5058_pair1_p0.67_b0.63.jpg,0.4389,0.5611,non_rider
crops\crop_5059_pair0_p0.69_b0.73.jpg,0.4385,0.5615,non_rider
crops\crop_5059_pair1_p0.64_b0.54.jpg,0.4301,0.5699,non_rider
crops\crop_5060_pair0_p0.86_b0.56.jpg,0.4405,0.5595,non_rider
crops\crop_5060_pair1_p0.66_b0.48.jpg,0.4268,0.5732,non_rider
crops\crop_5061_pair0_p0.79_b0.65.jpg,0.4414,0.5586,non_rider
crops\crop_5061_pair1_p0.64_b0.50.jpg,0.4305,0.5695,non_rider
crops\crop_5062_pair0_p0.63_b0.63.jpg,0.4321,0.5679,non_rider
crops\crop_5064_pair0_p0.48_b0.48.jpg,0.4383,0.5617,non_rider
crops\crop_5068_pair0_p0.70_b0.37.jpg,0.4378,0.5622,non_rider
crops\crop_5069_pair0_p0.86_b0.46.jpg,0.4390,0.5610,non_rider
crops\crop_5070_pair0_p0.59_b0.73.jpg,0.4360,0.5640,non_rider
crops\crop_5072_pair0_p0.57_b0.75.jpg,0.4356,0.5644,non_rider
crops\crop_5073_pair0_p0.73_b0.59.jpg,0.4357,0.5643,non_rider
crops\crop_5074_pair0_p0.44_b0.63.jpg,0.4338,0.5662,non_rider
crops\crop_5077_pair0_p0.80_b0.44.jpg,0.4296,0.5704,non_rider
crops\crop_5079_pair0_p0.81_b0.44.jpg,0.4355,0.5645,non_rider
crops\crop_5081_pair0_p0.75_b0.50.jpg,0.4303,0.5697,non_rider
crops\crop_508_pair0_p0.53_b0.38.jpg,0.4307,0.5693,non_rider
crops\crop_50_pair0_p0.45_b0.62.jpg,0.4358,0.5642,non_rider
crops\crop_511_pair0_p0.35_b0.25.jpg,0.4321,0.5679,non_rider
crops\crop_513_pair0_p0.39_b0.52.jpg,0.4322,0.5678,non_rider
crops\crop_514_pair0_p0.53_b0.62.jpg,0.4291,0.5709,non_rider
crops\crop_515_pair0_p0.38_b0.54.jpg,0.4297,0.5703,non_rider
crops\crop_516_pair0_p0.53_b0.63.jpg,0.4311,0.5689,non_rider
crops\crop_516_pair1_p0.30_b0.56.jpg,0.4298,0.5702,non_rider
crops\crop_518_pair0_p0.45_b0.51.jpg,0.4332,0.5668,non_rider
crops\crop_519_pair0_p0.52_b0.42.jpg,0.4336,0.5664,non_rider
crops\crop_520_pair0_p0.54_b0.51.jpg,0.4324,0.5676,non_rider
crops\crop_521_pair0_p0.79_b0.72.jpg,0.4302,0.5698,non_rider
crops\crop_521_pair1_p0.66_b0.69.jpg,0.4301,0.5699,non_rider
crops\crop_523_pair0_p0.62_b0.62.jpg,0.4337,0.5663,non_rider
crops\crop_523_pair1_p0.55_b0.59.jpg,0.4318,0.5682,non_rider
crops\crop_525_pair0_p0.80_b0.55.jpg,0.4320,0.5680,non_rider
crops\crop_526_pair0_p0.72_b0.40.jpg,0.4326,0.5674,non_rider
crops\crop_530_pair0_p0.43_b0.63.jpg,0.4353,0.5647,non_rider
crops\crop_531_pair0_p0.58_b0.58.jpg,0.4350,0.5650,non_rider
crops\crop_533_pair0_p0.50_b0.82.jpg,0.4376,0.5624,non_rider
crops\crop_534_pair0_p0.78_b0.59.jpg,0.4353,0.5647,non_rider
crops\crop_536_pair0_p0.75_b0.41.jpg,0.4326,0.5674,non_rider
crops\crop_540_pair0_p0.63_b0.57.jpg,0.4314,0.5686,non_rider
crops\crop_541_pair0_p0.61_b0.65.jpg,0.4303,0.5697,non_rider
crops\crop_55_pair0_p0.72_b0.78.jpg,0.4303,0.5697,non_rider
crops\crop_55_pair1_p0.58_b0.71.jpg,0.4334,0.5666,non_rider
crops\crop_56_pair0_p0.72_b0.48.jpg,0.4306,0.5694,non_rider
crops\crop_56_pair1_p0.64_b0.64.jpg,0.4323,0.5677,non_rider
crops\crop_56_pair2_p0.29_b0.27.jpg,0.4275,0.5725,non_rider
crops\crop_56_pair3_p0.25_b0.27.jpg,0.4318,0.5682,non_rider
crops\crop_57_pair0_p0.45_b0.68.jpg,0.4339,0.5661,non_rider
crops\crop_57_pair1_p0.26_b0.35.jpg,0.4316,0.5684,non_rider
crops\crop_58_pair0_p0.72_b0.64.jpg,0.4290,0.5710,non_rider
crops\crop_58_pair1_p0.69_b0.69.jpg,0.4342,0.5658,non_rider
crops\crop_58_pair2_p0.67_b0.57.jpg,0.4308,0.5692,non_rider
crops\crop_59_pair0_p0.76_b0.59.jpg,0.4333,0.5667,non_rider
crops\crop_59_pair1_p0.75_b0.72.jpg,0.4346,0.5654,non_rider
crops\crop_59_pair2_p0.67_b0.54.jpg,0.4316,0.5684,non_rider
crops\crop_60_pair0_p0.70_b0.64.jpg,0.4304,0.5696,non_rider
crops\crop_60_pair1_p0.69_b0.73.jpg,0.4349,0.5651,non_rider
crops\crop_60_pair2_p0.65_b0.49.jpg,0.4288,0.5712,non_rider
crops\crop_61_pair0_p0.73_b0.75.jpg,0.4343,0.5657,non_rider
crops\crop_61_pair1_p0.72_b0.49.jpg,0.4306,0.5694,non_rider
crops\crop_61_pair2_p0.68_b0.59.jpg,0.4330,0.5670,non_rider
crops\crop_63_pair0_p0.76_b0.61.jpg,0.4325,0.5675,non_rider
crops\crop_63_pair1_p0.75_b0.71.jpg,0.4381,0.5619,non_rider
crops\crop_63_pair2_p0.62_b0.57.jpg,0.4332,0.5668,non_rider
crops\crop_63_pair3_p0.62_b0.35.jpg,0.4286,0.5714,non_rider
crops\crop_64_pair0_p0.79_b0.76.jpg,0.4360,0.5640,non_rider
crops\crop_64_pair1_p0.68_b0.71.jpg,0.4340,0.5660,non_rider
crops\crop_66_pair0_p0.70_b0.37.jpg,0.4323,0.5677,non_rider
crops\crop_66_pair1_p0.66_b0.71.jpg,0.4362,0.5638,non_rider
crops\crop_67_pair0_p0.87_b0.70.jpg,0.4360,0.5640,non_rider
crops\crop_67_pair1_p0.74_b0.45.jpg,0.4311,0.5689,non_rider
crops\crop_67_pair2_p0.70_b0.68.jpg,0.4371,0.5629,non_rider
crops\crop_68_pair0_p0.84_b0.77.jpg,0.4362,0.5638,non_rider
crops\crop_68_pair1_p0.75_b0.34.jpg,0.4308,0.5692,non_rider
crops\crop_68_pair2_p0.73_b0.58.jpg,0.4301,0.5699,non_rider
crops\crop_68_pair3_p0.68_b0.46.jpg,0.4332,0.5668,non_rider
crops\crop_68_pair4_p0.67_b0.72.jpg,0.4373,0.5627,non_rider
crops\crop_69_pair0_p0.86_b0.79.jpg,0.4363,0.5637,non_rider
crops\crop_69_pair1_p0.76_b0.61.jpg,0.4296,0.5704,non_rider
crops\crop_69_pair2_p0.71_b0.71.jpg,0.4375,0.5625,non_rider
crops\crop_69_pair3_p0.71_b0.54.jpg,0.4295,0.5705,non_rider
crops\crop_69_pair4_p0.63_b0.48.jpg,0.4338,0.5662,non_rider
crops\crop_6_pair0_p0.80_b0.34.jpg,0.4322,0.5678,non_rider
crops\crop_70_pair0_p0.80_b0.48.jpg,0.4315,0.5685,non_rider
crops\crop_70_pair1_p0.77_b0.70.jpg,0.4360,0.5640,non_rider
crops\crop_70_pair2_p0.72_b0.64.jpg,0.4285,0.5715,non_rider
crops\crop_70_pair3_p0.63_b0.56.jpg,0.4312,0.5688,non_rider
crops\crop_71_pair0_p0.77_b0.67.jpg,0.4358,0.5642,non_rider
crops\crop_71_pair1_p0.74_b0.57.jpg,0.4302,0.5698,non_rider
crops\crop_71_pair2_p0.68_b0.65.jpg,0.4343,0.5657,non_rider
crops\crop_71_pair3_p0.67_b0.71.jpg,0.4315,0.5685,non_rider
crops\crop_73_pair0_p0.86_b0.84.jpg,0.4360,0.5640,non_rider
crops\crop_73_pair1_p0.81_b0.66.jpg,0.4361,0.5639,non_rider
crops\crop_73_pair2_p0.71_b0.68.jpg,0.4335,0.5665,non_rider
crops\crop_74_pair0_p0.84_b0.87.jpg,0.4362,0.5638,non_rider
crops\crop_74_pair1_p0.77_b0.55.jpg,0.4350,0.5650,non_rider
crops\crop_75_pair0_p0.90_b0.86.jpg,0.4377,0.5623,non_rider
crops\crop_75_pair1_p0.75_b0.78.jpg,0.4351,0.5649,non_rider
crops\crop_75_pair2_p0.69_b0.78.jpg,0.4352,0.5648,non_rider
crops\crop_75_pair3_p0.52_b0.55.jpg,0.4318,0.5682,non_rider
crops\crop_76_pair0_p0.91_b0.82.jpg,0.4351,0.5649,non_rider
crops\crop_76_pair1_p0.76_b0.80.jpg,0.4338,0.5662,non_rider
crops\crop_76_pair2_p0.75_b0.79.jpg,0.4348,0.5652,non_rider
crops\crop_76_pair3_p0.43_b0.56.jpg,0.4308,0.5692,non_rider
crops\crop_77_pair0_p0.87_b0.81.jpg,0.4334,0.5666,non_rider
crops\crop_77_pair1_p0.79_b0.76.jpg,0.4342,0.5658,non_rider
crops\crop_77_pair2_p0.74_b0.81.jpg,0.4325,0.5675,non_rider
crops\crop_77_pair3_p0.61_b0.49.jpg,0.4321,0.5679,non_rider
crops\crop_78_pair0_p0.87_b0.86.jpg,0.4347,0.5653,non_rider
crops\crop_78_pair1_p0.79_b0.51.jpg,0.4345,0.5655,non_rider
crops\crop_78_pair2_p0.78_b0.81.jpg,0.4367,0.5633,non_rider
crops\crop_78_pair3_p0.51_b0.59.jpg,0.4331,0.5669,non_rider
crops\crop_79_pair0_p0.89_b0.85.jpg,0.4315,0.5685,non_rider
crops\crop_79_pair1_p0.86_b0.72.jpg,0.4366,0.5634,non_rider
crops\crop_79_pair2_p0.79_b0.29.jpg,0.4332,0.5668,non_rider
crops\crop_79_pair3_p0.79_b0.78.jpg,0.4344,0.5656,non_rider
crops\crop_79_pair4_p0.27_b0.46.jpg,0.4326,0.5674,non_rider
crops\crop_7_pair0_p0.85_b0.39.jpg,0.4343,0.5657,non_rider
crops\crop_81_pair0_p0.81_b0.74.jpg,0.4328,0.5672,non_rider
crops\crop_81_pair1_p0.74_b0.87.jpg,0.4341,0.5659,non_rider
crops\crop_83_pair0_p0.87_b0.85.jpg,0.4338,0.5662,non_rider
crops\crop_83_pair1_p0.78_b0.73.jpg,0.4347,0.5653,non_rider
crops\crop_84_pair0_p0.58_b0.88.jpg,0.4343,0.5657,non_rider
crops\crop_85_pair0_p0.86_b0.83.jpg,0.4374,0.5626,non_rider
crops\crop_85_pair1_p0.79_b0.83.jpg,0.4339,0.5661,non_rider
crops\crop_86_pair0_p0.83_b0.82.jpg,0.4382,0.5618,non_rider
crops\crop_86_pair1_p0.77_b0.78.jpg,0.4344,0.5656,non_rider
crops\crop_88_pair0_p0.82_b0.85.jpg,0.4348,0.5652,non_rider
crops\crop_8_pair0_p0.84_b0.42.jpg,0.4390,0.5610,non_rider
crops\crop_8_pair1_p0.43_b0.58.jpg,0.4300,0.5700,non_rider
crops\crop_90_pair0_p0.86_b0.85.jpg,0.4368,0.5632,non_rider
crops\crop_91_pair0_p0.85_b0.82.jpg,0.4367,0.5633,non_rider
crops\crop_92_pair0_p0.74_b0.42.jpg,0.4357,0.5643,non_rider
crops\crop_9313_pair0_p0.71_b0.66.jpg,0.4318,0.5682,non_rider
crops\crop_9321_pair0_p0.72_b0.50.jpg,0.4305,0.5695,non_rider
crops\crop_9325_pair0_p0.85_b0.63.jpg,0.4321,0.5679,non_rider
crops\crop_9326_pair0_p0.84_b0.58.jpg,0.4297,0.5703,non_rider
crops\crop_97_pair0_p0.86_b0.47.jpg,0.4363,0.5637,non_rider
crops\crop_97_pair1_p0.30_b0.29.jpg,0.4336,0.5664,non_rider
crops\crop_9_pair0_p0.62_b0.32.jpg,0.4331,0.5669,non_rider
crops\crop_9_pair1_p0.56_b0.30.jpg,0.4322,0.5678,non_rider
